number,question,option_1,option_2,option_3,option_4,option_5,option_6,correct_answers,explanation,reference_url,source_file,test_number
1,Snowflake Administrators should utilize resource monitors to help control costs and avoid unexpected credit usage. Which of the following actions can Snowflake‘s resource monitor triggers initiate automatically? (Check all that apply),Roll over query executions to under utilized warehouses,Impose limits on the number of credits that warehouses consume each month,Trigger alert notifications for high usage,Trigger warehouse suspension for high usage,,,"2, 3, 4",Resource Monitor details for snowflake can be found at link –https://docs.snowflake.com/en/user-guide/resource-monitors.html,https://docs.snowflake.com/en/user-guide/resource-monitors.html,Test 1,1
2,Snowflake is what kind of offering?,On Premise Application,Software as a service (SaaS),Platform as a service (PaaS),Infrastructure as a service (IaaS),,,2,"Snowflake is an analytic data warehouse provided as Software-as-a-Service (SaaS). Snowflake provides a data warehouse that is faster, easier to use, and far more flexible than traditional data warehouse offerings.Snowflakes data warehouse is not built on an existing database or big data software platform such as Hadoop. The Snowflake data warehouse uses a new SQL database engine with a unique architecture designed for the cloud. To the user, Snowflake has many similarities to other enterprise data warehouses, but also has additional functionality and unique capabilities.Refer Link -https://docs.snowflake.com/en/user-guide/intro-key-concepts.html",,Test 1,1
3,Snowflake account hosted on AWS cannot load data from a file that is staged on GCP or Azure,TRUE,FALSE,,,,,2,"Irrespective of which ever underlying cloud service provider is used for Snowflake, there is a provision to create an external stage that can load data in snowflake from AWS, Azure or Google Cloud.",,Test 1,1
4,Which of the below two stages are automatically created and need not be configured explicitly by the user,User Stage,Role Stage,S3 Stage,Internal Stage,Table Stage,External Stage,"1, 5","By default, each user and table in Snowflake is automatically allocated an internal stage for staging data files to be loaded. In addition, you can.Refer Link –https://docs.snowflake.com/en/user-guide/data-load-local-file-system-create-stage.html",https://docs.snowflake.com/en/user-guide/data-load-local-file-system-create-stage.html,Test 1,1
5,"What is the recommended file size, to optimize the number of parallel operation for a load",50 MB to 150 MB (Compressed),100-250 MB (Compressed),None of the above,1 MB to 10 MB (Compressed),,,2,"The number of load operations that run in parallel cannot exceed the number of data files to be loaded. To optimize the number of parallel operations for a load, we recommend aiming to produce data files roughly 100-250 MB (or larger) in size compressed.Refer Link –https://docs.snowflake.com/en/user-guide/data-load-considerations-prepare.html",https://docs.snowflake.com/en/user-guide/data-load-considerations-prepare.html,Test 1,1
6,Snowflake Instances in different regions require separate accounts,FALSE,TRUE,,,,,2,Same account cannot be hosted on multiple regions. While setting up snowflake account we get an option to select only one region.,,Test 1,1
7,Shares take place between which two groups?,Sharers & Consumers,Providers & Consumers,Data Writers & Data Readers,Full Accounts & Reading Accounts,,,2,Refer Link for Snowflake Share details –https://docs.snowflake.com/en/user-guide/data-sharing-intro.html,https://docs.snowflake.com/en/user-guide/data-sharing-intro.html,Test 1,1
8,Mark the types of Stages available in Snowflake,External Stage,S3 Stage,Internal Stage,User Stage,Table Stage,Role Stage,"1, 3, 4, 5",Refer Link to get details of different stages –https://docs.snowflake.com/en/user-guide/data-load-local-file-system-create-stage.html,https://docs.snowflake.com/en/user-guide/data-load-local-file-system-create-stage.html,Test 1,1
9,Which command is used to download the data from Snowflake Stage,DOWNLOAD,PUT,GET,RETRIEVE,,,3,Get command is used to download data files from one of the following Snowflake stages to a local directory/folder on a client machine:Named internal stage.Internal stage for a specified table.Internal stage for the current user.Refer Link -https://docs.snowflake.com/en/sql-reference/sql/get.html,,Test 1,1
10,"If you find a data-related tool that is not listed as part of the Snowflake ecosystem, what industry standard options could you check for as a way to easily connect to Snowflake?",Check to see if the tool can connect to other solutions via ODBC,Check to see if the tool can connect to other solutions via JDBC,Check to see if you can develop a driver and put it on Github,Check to see if there is a petition in the community to create a driver,,,"1, 2","Snowflake provides ODBC and JDBC drivers to connect, and hence any tools having a standard support for ODBC / JDBC can connect to snowflake, without a need of explicit connectors.",,Test 1,1
11,External Stages require a cloud storage provider,TRUE,FALSE,,,,,1,"External stages are created where in they refer to a path on either AWS S3, Azure Blob Storage, or Google Cloud Storage. Hence they need an external storage provider which is either AWS, Azure or GCP.",,Test 1,1
12,A CAST command will force a value to be output as a certain datatype. Which of the following symbols will result in the “castcolumn“ being output using the VARCHAR datatype?,SELECT VARCHAR(castcolumn),SELECT castcolumn as VARCHAR,SELECT castcolumn||VARCHAR,SELECT castcolumn::VARCHAR,,,4,Just execute the options and you will get the required answer,,Test 1,1
13,Which SQL statements can work on a cloned Table?,SELECT command,SHOW command,All of the above,DROP table command,,,3,"Clone object is a separate object, on which all types of database table operation can be performed. Just that once there are changes made to the clone it start incurring storage cost, which is not the case when it is first cloned, which is why it is called zero copy cloning.",,Test 1,1
14,Which of the following Snowflake Editions provides automatic encryption of all data?,All Editions provide automatic encryption of all data,Standard,Business Critical,Enterprise,,,1,Refer table in this link –https://docs.snowflake.com/en/user-guide/intro-editions.html#virtual-private-snowflake-vps,https://docs.snowflake.com/en/user-guide/intro-editions.html#virtual-private-snowflake-vps,Test 1,1
15,Scaling in is a manual process (e.g. Max Clusters to min clusters),TRUE,FALSE,,,,,2,"Scale Out & Scale in is the change in the number of clusters serving the query workload on snowflake. The process of scaling out / in is an automated process, and based on the scaling policy (Economy / Standard) that is defined and the workload on the warehouse,  this change in the number of cluster happens automatically.",,Test 1,1
16,Which of the following are Snowflake view types?,External,Permanent,Secure,Materialized,Standard,Transient,"3, 4, 5",Refer section for details about snowflake views –https://docs.snowflake.com/en/user-guide/views-introduction.html,https://docs.snowflake.com/en/user-guide/views-introduction.html,Test 1,1
17,Data Consumers can be set up to consume data using which two types of consuming accounts?,Sharing Accounts & Query Accounts,Full Accounts & Reader Accounts,Sharing Accounts & Providing Accounts,Query Accounts & Full Accounts,,,2,Refer Link for details –https://docs.snowflake.com/en/user-guide/data-sharing-intro.html,https://docs.snowflake.com/en/user-guide/data-sharing-intro.html,Test 1,1
18,How many number of shares can be created in a Snowflake Account?,10,Unlimited,50,100,,,2,Snowflake does not place any hard limits on the number of shares you can create or the number of accounts you can add to a share.Refer link for details –https://docs.snowflake.com/en/user-guide/data-sharing-intro.html,https://docs.snowflake.com/en/user-guide/data-sharing-intro.html,Test 1,1
19,How many number of consumer accounts can be added to a single share?,10,50,100,Unlimited,,,4,Snowflake does not place any hard limits on the number of shares you can create or the number of accounts you can add to a share.Refer Link for details –https://docs.snowflake.com/en/user-guide/data-sharing-intro.html,https://docs.snowflake.com/en/user-guide/data-sharing-intro.html,Test 1,1
20,"When a data is shared with an existing snowflake customer, the compute is charged to",Provider,Consumer,No Charges applied,,,,2,"Since the consumer is also a snowflake customer they will use there own compute resources to execute the query on shared database, and hence the charges will be applied to the consumer only.",,Test 1,1
21,"When a data is shared with an non snowflake customer, the compute is charged to",Provider,Consumer,No Charges applied,,,,1,"Since the consumer is not a snowflake customer, the provider himself needs to create a reader account for the consumer, and that reader account uses the warehouse provided by provider only to execute the queries.",,Test 1,1
22,Which of the below is not a role available when Snowflake account is created initially,Accountadmin,Sysadmin,Useradmin,Developer,,,4,"There is no default developer role available as such when snowflake account is created. Only roles available are PUBLIC, USERADMIN, SYSADMIN, SECURITYADMIN, ACCOUNTADMIN",,Test 1,1
23,"In the Snowflake container hierarchy, what container is represented as a URL (for example:https://AB12345.snowflakecomputing.com)?",Database,Schema,Role,Account,,,4,"The Snowflake URL points to the snowflake account, in which a user can login and access Database, Schema and role",,Test 1,1
24,MFA can be used for connecting to Snowflake via the Snowflake JDBC driver,TRUE,FALSE,,,,,1,Details available at link –https://docs.snowflake.com/en/user-guide/security-mfa.html#using-mfa-with-jdbc,https://docs.snowflake.com/en/user-guide/security-mfa.html#using-mfa-with-jdbc,Test 1,1
25,Which of the following Snowflake Editions automatically store data in an encrypted state?,Standard,Enterprise,Business Critical,,,,"1, 2, 3",Snowflake stores data in encrypted format in all editions.,,Test 1,1
26,What are the names of the three Snowflake Editions offered when signing up for a trial account?,Free-Tier Basic,Standard,Ultra,Enterprise,Business Critical,,"2, 4, 5",There is no option like Free Tier Basic or Ultra available for snowflake editions.,,Test 1,1
27,Tri-secret requires that customers manage their own keys,TRUE,FALSE,,,,,1,Details for tri-secret secure available at following link –https://docs.snowflake.com/en/user-guide/security-encryption.html#tri-secret-secure-and-customer-managed-keys,https://docs.snowflake.com/en/user-guide/security-encryption.html#tri-secret-secure-and-customer-managed-keys,Test 1,1
28,What functional category does Looker fall into?,Data Integration,Business Intelligence,SQL Editors,Security & Governance,Advanced Analytics,Programmatic Interfaces,2,Refer Link fpr the BI tool list that provide native connectivity to snowflake –https://docs.snowflake.com/en/user-guide/ecosystem-bi.html,https://docs.snowflake.com/en/user-guide/ecosystem-bi.html,Test 1,1
29,Which statements about Data Integration Tech Partners are true?,Data Integration Tech Partner software can be used to extract data from other systems.,Data Integration Tech Partner software can be used to carry out transformations.,Snowflake can carry out transformations after loading files staged by partner software (ELT).,Snowflake must be used to extract data from other databases but Data Integration Tech Partner software can load data,Snowflake can be used to extract data from other databases but Data Integration Tech Partner software must be used to do transformations.,"Data Integration Tech Partner software should be used to deliver data to stages, Snowflake is then used to load the data","1, 2, 3, 6",Refer link for details of data integration tech partners –https://docs.snowflake.com/en/user-guide/ecosystem-etl.html,https://docs.snowflake.com/en/user-guide/ecosystem-etl.html,Test 1,1
30,Query execution is performed by which layers of Snowflake architecture,Storage Layer,Cloud Services Layer,Query Processing Layer,,,,3,Correct,,Test 1,1
31,Which file format option should be enabled while loading a JSON file to remove the outer most array structure and load the records in separate table rows,REMOVE_OUTER_ARRAY,ELIMINATE_OUTER_ARRAY,STRIP_OUTER_ARRAY,READ_INNER_ARRAY,,,3,"Refer Link –https://docs.snowflake.com/en/user-guide/semistructured-considerations.htmlIn general, JSON and Avro data sets are a simple concatenation of multiple documents. The JSON or Avro output from some software is composed of a single huge array containing multiple records. There is no need to separate the documents with line breaks or commas, though both are supported.Instead, we recommend enabling the STRIP_OUTER_ARRAY file format option for the COPY INTO",https://docs.snowflake.com/en/user-guide/semistructured-considerations.html,Test 1,1
32,To configure an External Stage you need to define the stage object in Snowflake. You also need two additional components. What are they?,Stage Admin Password,Cloud storage location (e.g. S3 Bucket),Stage Admin Username,Cloud access credentials (e.g. IAM User and Policy),Snowflake External Stage Password Authentication Certificate,,"2, 4",Below is sample command for creating an external stage –create or replace stage my_s3_stage url=‘s3://mybucket/encrypted_files/‘credentials=(aws_key_id=‘1a2b3c‘ aws_secret_key=‘4x5y6z‘)encryption=(master_key = ‘eSxX0jzYfIamtnBKOEOwq80Au6NbSgPH5r4BDDwOaO8=‘)file_format = my_csv_format;,,Test 1,1
33,"Out of below four options, which options require a running warehouse when retrieving data from them?",Results Cache,Local Disk Cache,Warehouse Cache,Metadata Cache,,,"2, 3","Metadata and result cache do not require a running warehouse as the results are fetched from services layer itself, and hence the compute layer is not required.",,Test 1,1
34,Check all true statements about Fail-safe:,The data stored as part of fail-safe is part of storage costs charged to customers,Fail-safe is not available for tables that have Time Travel.,Fail-safe is a reliable way to create Dev/Test/QA and other environments,Only a Snowflake employee can recover data from fail-safe storage,,,"1, 4",Refer Fail Safe section of snowflake documentation –https://docs.snowflake.com/en/user-guide/data-failsafe.html,https://docs.snowflake.com/en/user-guide/data-failsafe.html,Test 1,1
35,"With Snowflake, the customer needs to perform hardware maintenance, upgrades or regular patches",TRUE,FALSE,,,,,2,"Snowflake is a Saas (Software as a service) solution, and customer do not neet to worry about an hardware maintenance or upgrades",,Test 1,1
36,"For databases, schemas, and tables, a clone does not contribute to the overall data storage until operations are performed on the clone that modify existing data or add new data",TRUE,FALSE,,,,,1,Until the clone object is modified it refers to the same underlying partitions as that of orignial object and hence no additional storage is needed for it.,,Test 1,1
37,True or false: The Query Profiler view is only available for completed queries.,FALSE,TRUE,,,,,1,This can be tried out. Execute one query and while the query is executing you can go to query history tab and click on query_id to get the query profiler view even of the executing query.,,Test 1,1
38,Which of the below is role is automatically granted to every user and role in the account,Sysadmin,Developer,Useradmin,Public,,,4,Public is a default role for any new user that is created in Snowflake.,,Test 1,1
39,"With Time Travel,  a Snowflake administrator can, analyze data manipulation over specified periods of time",TRUE,FALSE,,,,,1,"Snowflake Time Travel enables accessing historical data (i.e. data that has been changed or deleted) at any point within a defined period. It serves as a powerful tool for performing the following tasks:Restoring data-related objects (tables, schemas, and databases) that might have been accidentally or intentionally deleted.Duplicating and backing up data from key points in the past.Analyzing data manipulation over specified periods of time.",,Test 1,1
40,Scaling up is a manual process. (e.g. Small to Medium),FALSE,TRUE,,,,,2,"Scale up and Scale down refers to changing the size of the warehouse. The warehouse size is changed to deal with the complexity of the queries being executed on the warehouse. Snowflake do not provide any out of the box capability to increase or decrease the warehouse size based on the type of queries, and hence it has to be done either manually through Snowflake Web UI, or by writing a command / script to manage the warehouse sizes as per the workload.",,Test 1,1
41,True or false: Snowflake caches are automatically invalidated if the underlying data changes.,FALSE,TRUE,,,,,2,This is true because if underlying data changes then the cache gets invalidated to ensure that the query returns the latest and most updated data always.,,Test 1,1
42,"If a table is cloned with COPY GRANTS option specified, then the clone object inherits any explicit access privileges granted on the original table, but does not inherit any future grants defined for the table in the schema",FALSE,TRUE,,,,,2,"This can be tried out, by executing a create clone statement with COPY GRANT option.  When the statement is executed you can see that the clone table will also have same access privilege as that of original object, other than the future grants. Future grants will need to be explicitly specified to the clone object.",,Test 1,1
43,What is the maximum number of consumer accounts that can be added to a Share object?,One,Unlimited,100,10,,,2,"There is a soft limit of 20 consumer accounts, but as such any number of consumer accounts can be added.",,Test 1,1
44,Data can be shared READ-ONLY across Snowflake accounts and Shared Data can also be cloned,FALSE,TRUE,,,,,1,A shared data cannot be cloned by the consumer. It can only be queried.,,Test 1,1
45,Snowflake compute costs depend on which of the following?,The number of rows returned in queries.,The amount of time warehouses have run.,The sizes of running warehouses.,The total number of warehouses in the account,,,"2, 3","Snowflake Compute cost depends only on the size of the warehouse, number of clusters that are running and for the amount of time the warehouse was up and running (i.e. not in suspended state). It doesnt matter how many queries are getting executed or total number of warehouses in the account.",,Test 1,1
46,What technique does Snowflake use to limit the number of micro-partitions scanned by each query?,Indexing,B-Tree,Map Reduce,Pruning,,,4,Refer link for details –https://docs.snowflake.com/en/user-guide/tables-clustering-micropartitions.html,https://docs.snowflake.com/en/user-guide/tables-clustering-micropartitions.html,Test 1,1
47,How often does Snowflake release new features?,Weekly,Yearly,Never,Monthly,Bi-Annually,,1,Refer Link for details regarding Snowflake Releases –https://docs.snowflake.com/en/user-guide/intro-releases.html,https://docs.snowflake.com/en/user-guide/intro-releases.html,Test 1,1
48,Which of the following techniques can be used in Snowflake to improve query performance?,Index definition,Cluster Keys/Reclustering,Distribution keys,Query Hints,,,2,In Snowflake we can only define cluster keys for improving query performance on huge tables. Rest of the options are not available in snowflake. For details of clustering refer link –https://docs.snowflake.com/en/user-guide/tables-clustering-keys.html,https://docs.snowflake.com/en/user-guide/tables-clustering-keys.html,Test 1,1
49,Data from Fail-Safe can only be accessed / restored by Snowflake Employees,TRUE,FALSE,,,,,1,Fail-safe is not provided as a means for accessing historical data after the Time Travel retention period has ended. It is for use only by Snowflake to recover data that may have been lost or damaged due to extreme operational failures.Refer link for details on fail safe –https://docs.snowflake.com/en/user-guide/data-failsafe.html,https://docs.snowflake.com/en/user-guide/data-failsafe.html,Test 1,1
50,Cloud storage providers must be linked to internal stage objects,TRUE,FALSE,,,,,2,"Cloud storage providers must be linked to external stage objects. For internal stage, there is no need to explicitly specify any cloud storage provider like AWS, Azure, GCP.",,Test 1,1
51,Snowflake Stages can be defined as either External or Internal.,TRUE,FALSE,,,,,1,Refer Link –https://docs.snowflake.com/en/user-guide/data-load-local-file-system-create-stage.html,https://docs.snowflake.com/en/user-guide/data-load-local-file-system-create-stage.html,Test 1,1
52,The Cloning feature in Snowflake requires less storage because,The cloned data is constantly updated to synchronize with original table data,Only metadata is copied; no physical data is copied,Data is replicated to ensure integrity of data in the original table data,,,,2,There is no data copy that happens while clone is created. Its just one more object that gets created which points to the same underlying data as that of original table. Only when changes are made to clone then it starts incurring storage costs.,,Test 1,1
53,"When data is loaded into Snowflake, Snowflake reorganizes that data into its internal optimized, compressed, columnar format",TRUE,FALSE,,,,,1,"When data is loaded into Snowflake, Snowflake reorganizes that data into its internal optimized, compressed, columnar format. Snowflake stores this optimized data in cloud storage.Snowflake manages all aspects of how this data is stored  the organization, file size, structure, compression, metadata, statistics, and other aspects of data storage are handled by Snowflake. The data objects stored by Snowflake are not directly visible nor accessible by customers; they are only accessible through SQL query operations run using Snowflake.",,Test 1,1
54,Snowflake data warehouse is built on top of Hadoop Big Data Software Platform,TRUE,FALSE,,,,,2,Snowflakes data warehouse is not built on an existing database or big data software platform such as Hadoop. The Snowflake data warehouse uses a new SQL database engine with a unique architecture designed for the cloud.,,Test 1,1
55,"Cloning the table does not include the load history of the source table, and hence the data files that were loaded in source table can be loaded again into its clone tables",FALSE,TRUE,,,,,2,"When a clone of table is created the load history of the cloned table is empty, and hence it will trea the already loaded data files as new files so it can be loaded again in clone table.",,Test 1,1
56,Cloud Services layer of Snowflake provide which all functionalities,Infra Management,Authentication,Database Storage,Metadata Management,Query Processing,,"1, 2, 4","The cloud services layer is a collection of services that coordinate activities across Snowflake. These services tie together all of the different components of Snowflake in order to process user requests, from login to query dispatch. The cloud services layer also runs on compute instances provisioned by Snowflake from the cloud provider.Among the services in this layer:AuthenticationInfrastructure managementMetadata managementQuery parsing and optimizationAccess controlRefer Link for details –https://docs.snowflake.com/en/user-guide/intro-key-concepts.html#cloud-services",https://docs.snowflake.com/en/user-guide/intro-key-concepts.html#cloud-services,Test 1,1
57,Which of the following database objects can be cloned in Snowflake?,All of the above,Schemas,Tables,Databases,,,1,Refer link for details –https://docs.snowflake.com/en/sql-reference/sql/create-clone.html,https://docs.snowflake.com/en/sql-reference/sql/create-clone.html,Test 1,1
58,Snowflake is supported on which cloud providers,GCP,AWS,Alibaba Cloud,IBM Cloud,Azure,,"1, 2, 5","Refer Link –https://docs.snowflake.com/en/user-guide/intro-cloud-platforms.htmlSnowflake is provided as Software-as-a-Service (SaaS) that runs completely on cloud infrastructure. This means that all three layers of Snowflakes architecture (storage, compute, and cloud services) are deployed and managed entirely on a selected cloud platform.A Snowflake account can be hosted on any of the following cloud platforms:Amazon Web Services (AWS)Google Cloud Platform (GCP)Microsoft Azure (Azure)On each platform, Snowflake provides one or more regions where the account is provisioned.",https://docs.snowflake.com/en/user-guide/intro-cloud-platforms.html,Test 1,1
59,The number of load operations that run in parallel cannot exceed the number of data files to be loaded,FALSE,TRUE,,,,,2,"The number of load operations that run in parallel cannot exceed the number of data files to be loaded. To optimize the number of parallel operations for a load, we recommend aiming to produce data files roughly 100-250 MB (or larger) in size compressed.Refer link for details –https://docs.snowflake.com/en/user-guide/data-load-considerations-prepare.html",https://docs.snowflake.com/en/user-guide/data-load-considerations-prepare.html,Test 1,1
60,Different editions of snowflake Instances require separate accounts,FALSE,TRUE,,,,,2,Same account cannot have different editions hosted. Will need to go for different accounts for different editions.,,Test 1,1
1,"If retrieval of data from fail safe is required, you must",Retrieval from Fail Safe is not possible,Contact Snowflake Support,Query the Fail Safe DB and retrive the data by yourself,Download it directly from the underlying cloud storage of Snowflake,,,2,Failsafe data can not be retrieved by Snowflake customer and support must be engaged to retrieve this data.,,Test 2,2
2,You have a virtual warehouse named BI_warehouse which is sized as Medium. You need to resize it to X-LARGE for future queries. What is the best way to make this change.,Drop and recreate the same warehouse with X-LARGE size,It is not permitted to resize the warehouse once its created,Alter the existing warehouse either by using an ALTER command or through the Snowflake Web UI to change the size,,,,3,Please see the below link for detailed syntaxhttps://docs.snowflake.net/manuals/sql-reference/sql/alter-warehouse.html,https://docs.snowflake.net/manuals/sql-reference/sql/alter-warehouse.html,Test 2,2
3,Micro partitions are immutable which means once created they cannot be changed.,TRUE,FALSE,,,,,1,"Micro partitions are immutable which means once created they cannot be changed. If a row is updated in snowflake, the micro partition holding the row is copied into a new micro partition and the updated row is inserted in that micro partition. The olde micro partition is marked for deletion. Refer Link –https://docs.snowflake.com/en/user-guide/tables-clustering-micropartitions.html",https://docs.snowflake.com/en/user-guide/tables-clustering-micropartitions.html,Test 2,2
4,"When a table which has time traveled enabled is dropped, and if a table with same name is created after that, what happens?",The table with same name cannot be created till the time time travel retention period of dropped object is over,The table with same name cannot be created till the time time travel retention period and fail safe period of dropped object is over,It restores the previous dropped version of the table,It creates a new version of the table,,,4,"After dropping an object, creating an object with the same name does not restore the object. Instead, it creates a new version of the object. The original, dropped version is still available and can be restored. Restoring a dropped object restores the object in place (i.e. it does not create a new object). Refer Link –https://docs.snowflake.com/en/user-guide/data-time-travel.html#data-retention-period",https://docs.snowflake.com/en/user-guide/data-time-travel.html#data-retention-period,Test 2,2
5,Resource monitor notifications can be received by account administrators through the following ways,Email,Web Interface,SMS,Push Notification,,,"1, 2","Notifications can be received by account administrators through the web interface and/or email; however, by default, notifications are not enabled: To receive notifications, each account administrator must explicitly enable notifications through their preferences in the web interface. In addition, if an account administrator chooses to receive email notifications, they must provide a valid email address (and verify the address) before they will receive any emails.",,Test 2,2
6,There is no additional storage charges with rekeying of data in Fail-safe.,TRUE,FALSE,,,,,2,"Snowflake customers are charged with additional storage for Fail-safe protection of data files that were rekeyed. For these files, 7 days of Fail-safe protection is charged. That is, the data files with the old key on S3 are already protected by Fail-safe, and the data files with the new key on S3 are also added to Fail-safe, leading to a second charge, but only for the 7-day period.",,Test 2,2
7,Fail-safe is not provided as a means for accessing historical data after the Time Travel retention period has ended. It is for use only by Snowflake to recover data that may have been lost or damaged due to extreme operational failures,TRUE,FALSE,,,,,1,Refer Link –https://docs.snowflake.com/en/user-guide/data-failsafe.html,https://docs.snowflake.com/en/user-guide/data-failsafe.html,Test 2,2
8,Tri-Secret Secure option is available in which Snowflake Edition,Enterprise & higher,Business Critical & higher,All editions,,,,2,Refer Link -https://docs.snowflake.com/en/user-guide/security-encryption.html#encryption-key-rotation,,Test 2,2
9,"What happens to the data of a table that is currently in time travel, when the retention period of a table is increased? E.g. The retention period is increased from 10 days to 20 days.","When data retention is changed, all the data in time travel moves to fail safe by default",The data in time travel will be retained as per previous retention period only i.e. for 10 days only,None is true,The data in time travel will be retained for the extended period of retention period i.e. for 20 days,,,4,Refer Link –https://docs.snowflake.com/en/user-guide/data-time-travel.html#data-retention-period,https://docs.snowflake.com/en/user-guide/data-time-travel.html#data-retention-period,Test 2,2
10,It is not possible to suspend a specific cluster in a multi-cluster virtual warehouse but rather the whole virtual warehouse is suspended.,FALSE,TRUE,,,,,2,"True. Individual clusters in a virtual warehouse can not be controlled independently, but rather they appear logically as a virtual warehouse together.",,Test 2,2
11,Which minimum Snowflake license allows Mulitcluster data virtual warehouse capability?,Standard,VPS,Enterprise,Business Critical,,,3,The multi cluster virtual warehouse capability is available starting from the Enterprise Edition. The capability is not available in Standard or Premier,,Test 2,2
12,"When a table data changes (for e.g. few records are updated and few are deleted) and the table is within the time travel retention period, which of the following statement is true?",Snowflake maintains only the information pertaining to these changed records (i.e. updated & deleted ones),Snowflake takes a full copy of the table every time any change is made to the table,,,,,1,"Snowflake minimizes the amount of storage required for historical data by maintaining only the information required to restore the individual table rows that were updated or deleted. As a result, storage usage is calculated as a percentage of the table that changed. Full copies of tables are only maintained when tables are dropped or truncated.",,Test 2,2
13,Maximum historical data that can be maintained of Transient & Temporary table is?,7 Days,0 Day,1 Day,90 Days,,,3,"Transient and temporary tables have no Fail-safe period, and maximum time travel retention period for them can be 1 day. Refer Link –https://docs.snowflake.com/en/user-guide/data-cdp-storage-costs.html",https://docs.snowflake.com/en/user-guide/data-cdp-storage-costs.html,Test 2,2
14,Multi cluster virtual warehouses are designed to handle –,Queuing issues,Large Complex Queries,Large number of concurrent users (executing query at same time),Large number of concurrent queries,,,"1, 3, 4",The primary purpose of Multi cluster virtual warehouses is to improve queueing and concurrency issues. Large Complex queries can be handled by increasing the size of the warehouse.https://docs.snowflake.net/manuals/user-guide/warehouses-considerations.html#multi-cluster-warehouses-improve-concurrency,https://docs.snowflake.net/manuals/user-guide/warehouses-considerations.html#multi-cluster-warehouses-improve-concurrency,Test 2,2
15,Which of the following Snowflake Editions allow only a maximum of 1 day of time travel?,VPS,Business Critical,Standard,Enterprise,,,3,"Refer link –https://www.snowflake.com/pricing/pricing-guide/Standard allows 1 day, while rest allows 90 days",https://www.snowflake.com/pricing/pricing-guide/,Test 2,2
16,"Which scaling policy, conserves credits by favoring keeping running clusters fully-loaded rather than starting additional clusters, which may result in queries being queued and taking longer to complete?",Standard,Legacy,None,Economy,,,4,Refer Link –https://docs.snowflake.com/en/user-guide/warehouses-multicluster.html,https://docs.snowflake.com/en/user-guide/warehouses-multicluster.html,Test 2,2
17,Time Travel and Fail safe are one and the same thing?,TRUE,FALSE,,,,,2,"Both Time Travel and Fail safe are part of Snowflake Continous Data Protection lifecycle, however both are different. With Time Travel customer themselves can query the data within the retention period which is configurable, whereas fail-safe provides a (non-configurable) 7-day period during which historical data is recoverable by Snowflake. This period starts immediately after the Time Travel retention period ends.",,Test 2,2
18,After how many days account and table master keys are automatically rotated by Snowflake?,60,45,90,30,,,4,"Account and table master keys are automatically rotated by Snowflake when they are more than 30 days old. Active keys are retired, and new keys are created. Refer Link –https://docs.snowflake.com/en/user-guide/security-encryption.html#encryption-key-rotation",https://docs.snowflake.com/en/user-guide/security-encryption.html#encryption-key-rotation,Test 2,2
19,What is the benefit of client-side encryption in snowflake?,It provides a secure system for managing data in cloud storage,Helps in decrypting data faster when needed,None,Saves the cloud encryption cost,,,1,"Client-side encryption in general, is the most secure form of managing data on a cloud provider. With client-side encryption, the data is encrypted on the client before it is uploaded. That means, the cloud provider only stores the encrypted version of the data and never sees data in the clear.",,Test 2,2
20,"When a warehouse is suspended, the idle servers in that warehouse are immediately shut down, but any servers that are executing queries are allowed to run until the queries are completed. Such servers that are waiting to shut down are considered to be in which mode?",Quiet,Quiesce,Suspending,Shutting Down,,,2,Refer Link –https://docs.snowflake.com/en/user-guide/warehouses-tasks.html,https://docs.snowflake.com/en/user-guide/warehouses-tasks.html,Test 2,2
21,Snowflake can load from data staged in which of the following?,Azure Blob Storage,Oracle Cloud Storage,VMWare Storage,Snowflake Internal Stage,Google Cloud Storage,AWS S3,"1, 4, 5, 6","Snowflake supports loading from Internal Stage, AWS S3, Azure Blob and Google Cloud Storage. Please see below link for more detailshttps://docs.snowflake.net/manuals/user-guide/data-load-overview.html#loading-from-data-files-staged-on-other-cloud-platforms",https://docs.snowflake.net/manuals/user-guide/data-load-overview.html#loading-from-data-files-staged-on-other-cloud-platforms,Test 2,2
22,"If a transaction is running on a session and the session disconnects abruptly, the transaction will be in a detached state. It will not allow the transaction to commit or roll back. The locks on the resources will also not be released. If you do not do anything and let snowflake abort the transaction, how long will you need to wait?",2 Hours,4 Hours,15 Minutes,30 Minutes,1 Hour,,2,"If a transaction is running in a session and the session disconnects abruptly, preventing the transaction from committing or rolling back, the transaction is left in a detached state, including any locks that the transaction is holding on resources. If this happens, you might need to abort the transaction. To abort a running transaction, the user who started the transaction or an account administrator can call the system function, SYSTEM$ABORT_TRANSACTION. If the transaction is left open, Snowflake typically rolls back the transaction after it has been idle for four hours. Refer Link –https://docs.snowflake.com/en/sql-reference/transactions.html#aborting-transactions",https://docs.snowflake.com/en/sql-reference/transactions.html#aborting-transactions,Test 2,2
23,Which of the following will not contribute to your account level storage usage?,Snowflake Internal Stage,UDF,Snowflake External Stages,Databases (and tables in it),Views (Normal Views & Not Materialized Views),,"2, 3, 5","Storage used by a database (and its tables) and storage used by Snowflake internal stages contribute towards the over all storage usage along with storage used for data protection (i.e. Time Travel & Fail Safe) Views, UDF‘s are logical object referring to the tables or performing some function, and hence no storage cost is associated with them. Likewise External Stages are logical object referring to an external Cloud location and hence no storage cost is applicable as data is stored in external cloud",,Test 2,2
24,"Snowflake encrypts all customer data by default, using the latest security standards, and charges customer for this encryption",TRUE,FALSE,,,,,2,"Snowflake encrypts all customer data by default, using the latest security standards, at no additional cost. Refer Link –https://docs.snowflake.com/en/user-guide/security-encryption.html#encryption-key-rotation",https://docs.snowflake.com/en/user-guide/security-encryption.html#encryption-key-rotation,Test 2,2
25,You want to get the clustering information for a table Tab1 that is clustered on column Col1. Which of the below queries will you run to get the details?,show clustering (‘Tab1‘) from clustering_info;,select system$clustering_information(‘Tab1‘);,Show clustering information for Tab1.Col1;,,,,2,Refer Link –https://docs.snowflake.com/en/sql-reference/functions/system_clustering_information.html#system-clustering-information,https://docs.snowflake.com/en/sql-reference/functions/system_clustering_information.html#system-clustering-information,Test 2,2
26,Cloud services also use compute. Does snowflake charge you for cloud services.,Cloud services are charged irrespective of the compute resource usage,Cloud services are charged only if it exceeds 20% of the daily usage of the compute resources,Snowflake never charges for cloud services,Cloud services are charged only if it exceeds 10% of the daily usage of the compute resources,,,4,"Similar to virtual warehouse usage, Snowflake credits are used to pay for the usage of the cloud services that exceeds 10% of the daily usage of the compute resources.Usage for cloud-services is charged only if the daily consumption of cloud services exceeds 10% of the daily usage of the compute resources. The charge is calculated daily (in the UTC time zone). This ensures that the 10% adjustment is accurately applied each day, at the credit price for that day. Refer Link –https://docs.snowflake.com/en/user-guide/credits.html#cloud-services-credit-usage",https://docs.snowflake.com/en/user-guide/credits.html#cloud-services-credit-usage,Test 2,2
27,To restore the table by undrop command what all conditions should be met?,The table can be restored in any schema irrespective from whichever schema the table was dropped.,The table can be restored in same schema only from which it has been dropped,User executing undrop command should have ownership privilege on the table,User must have CREATE privileges on the schema in which table is getting restored,,,"2, 3, 4","Similar to dropping an object, a user must have OWNERSHIP privileges for an object to restore it. In addition, the user must have CREATE privileges on the object type for the database or schema where the dropped object will be restored. Restoring tables and schemas is only supported in the current schema or current database, even if a fully-qualified object name is specified Refer Link –https://docs.snowflake.com/en/user-guide/data-time-travel.html#data-retention-period",https://docs.snowflake.com/en/user-guide/data-time-travel.html#data-retention-period,Test 2,2
28,"What ensures that all customer data, new and old, is encrypted with the latest security technology",Key Rotation,This has to be done by contacting snowflake support,Periodic Rekeying,None,,,3,"Rekeying constrains the total duration in which a key is used for recipient usage, following NIST recommendations. Furthermore, when rekeying data, Snowflake can increase encryption key sizes and utilize better encryption algorithms that may be standardized since the previous key generation was created. Rekeying therefore ensures that all customer data, new and old, is encrypted with the latest security technology. Refer Link –https://docs.snowflake.com/en/user-guide/security-encryption.html#encryption-key-rotation",https://docs.snowflake.com/en/user-guide/security-encryption.html#encryption-key-rotation,Test 2,2
29,select * from my_table at(offset => -60*5) . This statement will return which period of historical data for the table?,60 minutes ago,10 minutes ago,5 hours ago,5 minutes ago,,,4,"Here the 60 refers to seconds, and hence 60*5 = 300 seconds which is 5 minutes. Refer Link –https://docs.snowflake.com/en/user-guide/data-time-travel.html#data-retention-period",https://docs.snowflake.com/en/user-guide/data-time-travel.html#data-retention-period,Test 2,2
30,"What happens If the TIMESTAMP, OFFSET, or STATEMENT specified in the AT | BEFORE clause of a SELECT statement falls outside the data retention period for the table?",The query fetches data from fail safe,The query returns no data,The query returns the oldest timestamp data that is available,The query fails and returns an error,,,4,Refer Link –https://docs.snowflake.com/en/user-guide/data-time-travel.html#data-retention-period,https://docs.snowflake.com/en/user-guide/data-time-travel.html#data-retention-period,Test 2,2
31,What are the resources that a virtual warehouse provides?,Temporary Storage,CPU (Processing Power),Memory,User & Role Management,Long term data storage,,"1, 2, 3","Virtual warehouse provide CPU, Memory & temporary storage to process queries",,Test 2,2
32,"Compute can be scaled up, down, out, or in and there is no effect on storage used.",TRUE,FALSE,,,,,1,"As per snowflake architecture, storage and compute are independent of each other and can be increased or decreased without any impact on each other.",,Test 2,2
33,Two Virtual Warehouses can access the same data at the same time without causing contention issues.,TRUE,FALSE,,,,,1,"Thats the beauty of snowflake, and one of the key features, where in separate warehouses can access the same data without causing any contention issues.",,Test 2,2
34,What attributes make Snowflake a true SaaS solution?,No hardware to purchase or configure.,No creation of user accounts or roles is required.,No maintenance upgrades or patches to install.,No data storage costs.,No query processing costs.,Transparent releases don‘t require user intervention.,"1, 3, 6",Refer link for snowflake architecture details that make it a true SaaS offering –https://docs.snowflake.com/en/user-guide/intro-key-concepts.html,https://docs.snowflake.com/en/user-guide/intro-key-concepts.html,Test 2,2
35,Which installment option versions of Snowflake are available?,Microsoft Cloud Native Accounts,Snowflake-Hosted Accounts (on Amazon cloud infrastructure),Hybrid On-Premise + Cloud Installation,Enterprise In-House VPC Installation,On-Premise Custom Installation,Snowflake-Hosted Accounts (on Azure cloud infrastructure),"2, 6",A Snowflake account can be hosted on any of the following cloud platforms:Amazon Web Services (AWS)Google Cloud Platform (GCP)Microsoft Azure (Azure)Refer link –https://docs.snowflake.com/en/user-guide/intro-cloud-platforms.html,https://docs.snowflake.com/en/user-guide/intro-cloud-platforms.html,Test 2,2
36,Which role is most powerful role in a Snowflake system?,SYSADMIN,SECURITYADMIN,PUBLIC,ACCOUNTADMIN,,,4,Accountadmin is the highest privileged role in Snowflake,,Test 2,2
37,Snowflake uses a staged release process for new releases in which different account types are upgraded gradually.,TRUE,FALSE,,,,,1,"The staged release process through which Snowflake releases updates is first applied to early access account, then standard accounts and finally Enterprise & upwards",,Test 2,2
38,All security related information is stored in which layer of snowflake architecture,Storage,None,Cloud Service,Compute,,,3,Cloud service layer is the one which stores all security related information The services included in this layer are 1. Authentication 2. Infrastructure management 3. Metadata management 4. Query parsing and optimization 5. Access control,,Test 2,2
39,"When a network policy includes values in both the allowed and blocked IP address lists, Snowflake applies the blocked IP address list first",FALSE,TRUE,,,,,2,"Refer Link –https://docs.snowflake.com/en/user-guide/network-policies.html. When a network policy includes values in both the allowed and blocked IP address lists, Snowflake applies the blocked IP address list first. Do not add 0.0.0.0/0 to the blocked IP address list. 0.0.0.0/0 is interpreted to be all IPv4 addresses on the local machine. Because Snowflake resolves this list first, this would block your own access.",https://docs.snowflake.com/en/user-guide/network-policies.html,Test 2,2
40,In Tri Secret Secure option customer manages the master key,TRUE,FALSE,,,,,1,Tri-Secret Secure lets customer control access to their data using a master encryption key that they maintain in the key management service for the cloud provider that hosts their Snowflake account. Refer Link –https://docs.snowflake.com/en/user-guide/security-encryption.html#encryption-key-rotation,https://docs.snowflake.com/en/user-guide/security-encryption.html#encryption-key-rotation,Test 2,2
41,To clone a table your current role must have which privilege on the source table?,DELETE,SELECT,UPDATE,INSERT,,,2,To clone a table you need a SELECT privileges on the source table and for all other objects that can be cloned you need the USAGE privilege,,Test 2,2
42,What is the recommended file size to optimize the number of parallel operations for a load?,10 MB to 100 MB (uncompressed),10 MB to 100 MB (compressed),1 MB to 10 MB (compressed),100 MB to 250 MB (compressed),,,4,"The number of load operations that run in parallel cannot exceed the number of data files to be loaded. To optimize the number of parallel operations for a load, we recommend aiming to produce data files roughly 100-250 MB (or larger) in size compressed.Refer Link –https://docs.snowflake.com/en/user-guide/data-load-considerations-prepare.html#file-sizing-best-practices-and-limitations",https://docs.snowflake.com/en/user-guide/data-load-considerations-prepare.html#file-sizing-best-practices-and-limitations,Test 2,2
43,Fail Safe period starts right after time travel retention period ends,FALSE,TRUE,,,,,2,Fail-safe provides a (non-configurable) 7-day period during which historical data is recoverable by Snowflake. This period starts immediately after the Time Travel retention period ends. Refer Link –https://docs.snowflake.com/en/user-guide/data-failsafe.html,https://docs.snowflake.com/en/user-guide/data-failsafe.html,Test 2,2
44,"As an ETL developer you are developing jobs to load data into a snowflake table. You have an S3 stage defined which contains a single file containing 1000 rows. You managed to load those 1000 rows using the copy command of snowflake, but while performing further executions of those copy command, you notice that your COPY command is executing successfully but is loading zero rows into the target table. What could be the reason?",Snowflake Tracks the file that have been loaded and will not load the same file again,"The file that was loaded on first run got deleted, as with every copy command the associated files are removed from S3",The file might have got corrupted,,,,1,"Since you have already loaded this file, Snowflake will track through metadata which files have been loaded already and will not process them again. If you want to retest your copy command you must place a new file or clear the metadata or use a specific parameter in COPY command that will force load the file, by ignoring the metadata",,Test 2,2
45,Federated authentication in snowflake is compliant with SAML2.0,FALSE,TRUE,,,,,2,"Federated authentication enables your users to connect to Snowflake using secure SSO (single sign-on). With SSO enabled, your users authenticate through an external, SAML 2.0-compliant identity provider (IdP). Refer link –https://docs.snowflake.com/en/user-guide/admin-security-fed-auth.html#federated-authentication-sso",https://docs.snowflake.com/en/user-guide/admin-security-fed-auth.html#federated-authentication-sso,Test 2,2
46,Storage can increase or decrease without any effect on virtual warehouse sizes.,TRUE,FALSE,,,,,1,Snowflake architecture is designed in such a way that storage and compute can be indenpendently increased or decreased without any impact on each other.,,Test 2,2
47,You can increase or decrease the size of a virtual warehouse as your user base & query demand increase or decrease?,TRUE,FALSE,,,,,1,Size of the warehouse can be changed at any point in time either through UI or through ALTER command,,Test 2,2
48,Users created in a reader account can not do which of the following?,SELECT,DELETE,UPDATE,INSERT,,,"2, 3, 4",Users in a reader account can query shared data but can not perform any DML.,,Test 2,2
49,Which encryption algorithm used by snowflake?,RSA,DES,AES 256 bit encryption,MD5,,,3,"All Snowflake customer data is encrypted by default using the latest security standards and best practices. Snowflake uses strong AES 256-bit encryption with a hierarchical key model rooted in a hardware security module. Keys are automatically rotated on a regular basis by the Snowflake service, and data can be automatically re-encrypted (rekeyed) on a regular basis. Data encryption and key management is entirely transparent and requires no configuration or management.https://docs.snowflake.com/en/user-guide/security-encryption.html#encryption-key-management",https://docs.snowflake.com/en/user-guide/security-encryption.html#encryption-key-management,Test 2,2
50,Which command can be executed to get the version history of table “Test1“ in schema “mytestdb.myschema“ within the time travel period in snowflake?,show tables version like ‘Test1‘ in mytestdb.myschema;,show tables history like ‘Test1‘ in mytestdb.myschema;,show history of table like ‘Test1‘ in mytestdb.myschema;,show version of table like ‘Test1‘ in mytestdb.myschema;,,,2,Refer Link –https://docs.snowflake.com/en/user-guide/data-time-travel.html#data-retention-period,https://docs.snowflake.com/en/user-guide/data-time-travel.html#data-retention-period,Test 2,2
51,"You are the solution architect for a large manufacturing company running a Snowflake data warehouse. Your Snowflake implementation has just gone live with a single virtual warehouse and has been opened up to all the users across the organization. One of your heaviest users are the marketing department, who have a large number of users and execute a large number of queries. Marketing users have complained that the queries take a long time to execute for them. What is the best immediate action should you take to improve their experience?",Increase the size of your single warehouse to the maximum size possible,Study each and every query of the marketing team and optimize them,Limit the number of queries that marketing team can execute,"Have a dedicated warehouse for marketing team, and set the capacity of this warehouse as per the needs of marketing team",,,4,"Increasing the size of existing warehouse would improve performance of the queries running on that warehouse, but it would not necessarily be just the marketing team who would see benefit out of it. Best option is to have a dedicated warehouse for the marketing team for immediate improved user experience",,Test 2,2
52,"Changing the retention period for your account or individual objects changes the value for all lower-level objects that do not have a retention period explicitly set. For example: If you change the retention period at the account level, all databases, schemas, and tables that do not have an explicit retention period automatically inherit the new retention period.",TRUE,FALSE,,,,,1,Refer Link –https://docs.snowflake.com/en/user-guide/data-time-travel.html#data-retention-period,https://docs.snowflake.com/en/user-guide/data-time-travel.html#data-retention-period,Test 2,2
53,Both time travel & failsafe require extra storage which has cost associated with it,FALSE,TRUE,,,,,2,Refer Link –https://docs.snowflake.net/manuals/user-guide/data-failsafe.html,https://docs.snowflake.net/manuals/user-guide/data-failsafe.html,Test 2,2
54,"When a table which has time traveled enabled is dropped, and if a new table with same name is created after that, then the undrop table command is executed, what will happen?",The table will be restored with a different name,The newly created table will be overwritten with the restored version of the table,The undrop command fails,,,,3,"If an object with the same name already exists, UNDROP fails. You must rename the existing object, which then enables you to restore the previous version of the object.",,Test 2,2
55,Please look at the below two queries Option 1: SELECT * FROM TABLE_NAME WHERE YEAR = 2015 AND UPPER(COL_NAME) = ‘VALUE1‘; Option 2: SELECT * FROM TABLE_NAME WHERE YEAR = 2015 AND COL_NAME =‘VALUE1‘; Which one of these will scan less partitions? Note: COL_NAME stores values both in upper and lower case,Option 2,Option 1,Both will scan same number of partitions,"Scanning of partition is random, so no concrete logic can be applied on scanning logic",,,1,"Snowflake stores metadata for each column that includes the range of values of the columns in micro partitions. In this case the metadata for COL_NAME is stored in its raw form which is mix of lower & upper case values. When any fuction in this case UPPER is applied to the COL_NAME, then this range value information cannot be used while scanning micro partitions and hence it will need to scan more partitions",,Test 2,2
56,Which access control privileges must be granted on specified resource monitors for roles other than account administrators to view and modify resource monitors as needed,MODIFY,CREATE,UPDATE,MONITOR,,,"1, 4","By default, resource monitors can only be created by account administrators and, therefore, can only be viewed and maintained by them. However, Snowflake supports enabling other users to view and modify resource monitors as needed. This functionality is implemented through the following access control privileges, which can be granted on specified resource monitors to specified roles: 1. MONITOR 2. MODIFY",,Test 2,2
57,Which of the following tables have no fail safe period?,Transient,Permanent,Temporary,,,,"1, 3",Refer Link –https://docs.snowflake.com/en/user-guide/data-cdp-storage-costs.html,https://docs.snowflake.com/en/user-guide/data-cdp-storage-costs.html,Test 2,2
58,"A user can upload one or more data files to an external stage. If the stage is a customer-managed container in a cloud storage service (like S3 in AWS), the user may or may not encrypt the data files using client-side encryption",TRUE,FALSE,,,,,1,"For external stage encryption of data is optional, though snowflake recommends to encrypt data using client side encryption for data stored outside snowflake. Refer Link -https://docs.snowflake.com/en/user-guide/security-encryption.html#encryption-key-rotation",,Test 2,2
59,What is correct about multi cluster virtual warehouses?,Multi Cluster will remove the additional clusters as query demand decreases,Maximum of 5 multi cluster warehouse can be created in one snowflake account,Multi Cluster warehouses cannot be suspended,Multi Cluster warehouse will spin up additional clusters when under high query workload which is beyond the current capacity,,,"1, 4",A multi-cluster virtual warehouse will scale up and scale down depending on the query & user demand,,Test 2,2
60,"The standard retention period for time travel is of how many days, which is automatically enabled for all Snowflake accounts",7,30,1,15,,,3,The standard retention period is 1 day (24 hours) and is automatically enabled for all Snowflake accounts. Refer link –https://docs.snowflake.com/en/user-guide/data-time-travel.html#data-retention-period,https://docs.snowflake.com/en/user-guide/data-time-travel.html#data-retention-period,Test 2,2
1,"If you have a table with a 10-day retention period and increase the period to 20 days, then what happens to the data that is currently in time travel for past 2 days.",The data will moved to fail safe immediately,"The table will lose all time travel data, and the new time travel retention period will be applied going forward","The data would moved to fail safe as per previous retention period only i.e. will move to fail safe after 10 days of time travel","The data would moved to fail safe as per new retention period i.e. will move to fail safe after 20 days of time travel",,,4,"The correct answer is: The data would moved to fail safe as per new retention period i.e. will move to fail safe after 20 days of time travel.",https://docs.snowflake.com/en/user-guide/data-time-travel.html,Test 3,3
2,Secured view can be used to hide the definition but its performance can get degraded?,TRUE,FALSE,,,,,1,TRUE.,,Test 3,3
3,Scaling out is an automated process (e.g. Min clusters to max clusters),TRUE,FALSE,,,,,1,"Scale Out & Scale in is the change in the number of clusters serving the query workload on snowflake. The process of scaling out / in is an automated process, and based on the scaling policy (Economy / Standard) that is defined and the workload on the warehouse,  this change in the number of cluster happens automatically.",,Test 3,3
4,Resource monitor notifications can be received only by account administrators,FALSE,TRUE,,,,,1,FALSE.,,Test 3,3
5,Which command will help you the current permissions on a Schema?,SHOW GRANTS ON SCHEMA.;,SHOW ALL PREIVILEGE ON SCHEMA.;,SHOW ROLES ON SCHEMA.;,,,,1,,,Test 3,3
6,Snowflake has which type of architecture,None of the above,Shared Disk,Hybrid of Shared disk & shared nothing,Shared Nothing,,,3,"Snowflake has a hybrid     architecture of shared-disk and shared-nothing.",https://docs.snowflake.com/en/user-guide/intro-key-concepts.html,Test 3,3
7,Default Size of the warehouse created using Snowflake Web UI is,MEDIUM,SMALL,X-LARGE,X-SMALL,,,4,"X-Smallis the default size for a Snowflake warehouse created through the web UI. It’s a good starting point for most users, as it provides a balance of performance and cost-effectiveness. However, you can always adjust the size based on your specific workload requirements.",https://docs.snowflake.com/en/user-guide/warehouses-overview.html,Test 3,3
8,Which are the correct statements about TASKS?,TASKS is used to scheduled SQL execution,Can not be triggered manually,TASKS is used to identify and act on changed table records,It is used for Change Data Capture (CDC),it can be used with STREAMS,,"1, 5",Here are the correct statements about TASKS in Snowflake:,,Test 3,3
9,"In auto scale multi-cluster warehouse same value is specified for both maximum & minimum clusters (except for the value 1)",TRUE,FALSE,,,,,2,FALSE,https://docs.snowflake.com/en/user-guide/warehouses-multicluster.html,Test 3,3
10,Can you have a database overlap across two Snowflake account?,Yes,No,,,,,2,"No, you cannot have a database overlap across two Snowflake accounts.",,Test 3,3
11,MFA is automatically enabled for all the users. Please select the true statement.,"MFA is only enabled for ACCOUNTADMIN by default. ACCOUNTADMIN can enable it for other users.",MFA is available for all the users by default.,,,,,2,The correct statement is:,,Test 3,3
12,"If a 3X-Large multi-cluster warehouse runs 1 cluster for one full hour and then runs 2 clusters for the next full hour, the total number of credits billed would be",128,256,192,64,,,3,,https://docs.snowflake.com/en/user-guide/warehouses-overview.html,Test 3,3
13,For how long are we billed if our warehouse runs for 48 seconds?,"We are not going to be billed if the query scans less than 10 micro-partitions.",1 minute.,We are not going to be billed as the warehouse hasn’t run for 1 minute.,48 seconds.,,,2,You will be billed for 1 minute.,,Test 3,3
14,Scaling a warehouse IN will decrease the number of clusters. (e.g. Max to Min),FALSE,TRUE,,,,,2,TRUE.,,Test 3,3
15,Which of these can access database objects and issue SQL statements,User-Defined Function,Both,Stored Procedure,,,,2,"Both User-Defined Functions (UDFs) and Stored Procedures can access database objects and issue SQL statements.",,Test 3,3
16,Which is the correct syntax to disable fail safe on a table?,"By default, fail safe is disabled on a table.",Fail safe can not be disabled on a table.,ALTER TABLE SET FAILSAFE_DAYS = 0;,ALTER TABLE DROP FAILSAFE;,ALTER TABLE SET ENABLE_FAILSAFE = FALSE;,,2,"The correct answer relates to how Fail-safe works within Snowflake. Here’s a breakdown:",,Test 3,3
17,Loading using SNOWPIPE is best useful for:,Load large files with size of 500 MB,None of these,Data Files which takes at least 30 to 60 Minutes.,Load small volumes of data incrementally,,,4,,,Test 3,3
18,What can be the maximum credits consumed by a medium size warehouse with 3 clusters in one hour?,24,12,6,8,,,2,Here’s how to calculate the maximum credits consumed:,,Test 3,3
19,Scaling a warehouse OUT will increase the number of servers. (e.g. Min to Max),FALSE,TRUE,,,,,2,TRUE,,Test 3,3
20,"When using a LATERAL FLATTEN in a semi-structured data query, what does the LATERAL do?",Causes the FLATTEN command to read an array in reverse order,"Causes the FLATTEN command to be recursive and drill down into all levels of the record","Modifies the data in an array to a variant data type so it will work with the FLATTEN command",Breaks an array into multiple elements,"Works as a self join to join the current record key / value pairs to an array in the same record",,5,Let’s break down the purpose ofLATERALin aFLATTENoperation:,,Test 3,3
21,"If you are defining a multi-column clustering key of a table, the order in which the columns are specified in the CLUSTER BY clause is important. As general rule, Snowflake recommends:",Ordering the columns from highest cardinality to lowest cardinality,Ordering the columns from lowest cardinality to highest cardinality,Order doesn‘t matter,,,,2,,,Test 3,3
22,Which command should a Snowflake user execute to load data into a table?,copy into mytable file_format = (format_name);,copy into mytable purge_mode = TRUE;,copy into mytable validation = ‘RETURN_ERRORS’;,copy into mytable from @my_int_stage;,,,4,Correct Option: D. copy into mytable from @my_int_stage;,,Test 3,3
23,"If auto-suspend is enabled for a Virtual Warehouse, the Warehouse is automatically suspended when:",There are no users logged into Snowflake.,The Warehouse is inactive for a specified period of time.,The last query using the Warehouse completes.,All Snowflakes sessions using the Warehouse are terminated.,,,2,"The correct answer is:The Warehouse is inactive for a specified period of time.",,Test 3,3
24,Which statistic displayed in a Query Profile is specific to external functions?,Total invocations,Bytes sent over the network,Partitions scanned,Bytes written,,,1,"Total invocations — number of times that an external function was called. (This can be different from the number of external function calls in the text of the SQL statement due to the number of batches that rows are divided into, the number of retries (if there are transient network problems), etc.)",,Test 3,3
25,Which command will we use to download the files from the stage/location loaded through the COPY INTOcommand?,UNLOAD.,PUT.,GET.,INSERT INTO.,,,3,"We will use the GET command to DOWNLOAD files from a Snowflake internal stage (named internal stage, user stage, or table stage) into a directory/folder on a client machine. You need to use SnowSQL to use this command.",,Test 3,3
26,Which of the following statements are true concerning the Snowflake release process? (Choose three.),"It is possible for you as a user to request 24-hour early access to the upcoming releases so that you can do additional release testing before the release is rolled out.","A customer is assigned a 30 minute window (that can be moved anytime within a week) during which the system will be unavailable and customer is upgraded","Snowflake deploys patch releases every week, but new feature releases happen once a month.","There is usually some minimal downtime associated with Snowflake during the deployments.",Snowflake deploys new feature releases and releases every week.,Snowflake deploys new Behavior change releases every month.,"1, 5, 6","The deployment processes happen transparently in the background; users experience no downtime or disruption of service. You can see the different release types at the following link.",,Test 3,3
27,Which of the following sizes is not a Warehouse Size?,XXS,S,M,XS,,,1,"The minimum configuration for a Snowflake Warehouse is X-Small (XS), which consumes one credit/hour. You can see the different sizes in the following image:",,Test 3,3
28,When can a Virtual Warehouse start running queries?,When its provisioning is complete,Only during administrator defined time slots,After replication,12am-5am,,,1,"Virtual warehouses can be configure to auto_resume=true/false, accordingly once it provision it start executing the queries.",,Test 3,3
29,"Which file function provides a URL with access to a file on a stage without the need for authentication and authorization?",GET_RELATIVE_PATH,GET_PRESIGNED_URL,BUILD_SCOPED_FILE_URL,BUILD_STAGE_FILE_URL,,,2,The correct answer isGET_PRESIGNED_URL.,,Test 3,3
30,What is used to extract the content of PDF files stored in Snowflake stages?,Window function,HyperLogLog (HLL) function,FLATTEN function,Java User-Defined Function (UDF),,,4,Correct Option: D. Java User-Defined Function (UDF),,Test 3,3
31,Which columns are part of the result set of the Snowflake LATERAL FLATTEN command? (Choose two.),INDEX,CONTENT,DATATYPE,PATH,BYTE_SIZE,,"1, 4","You are correct. The two columns that are part of the result set of the SnowflakeLATERAL FLATTENcommand are:",,Test 3,3
32,How does Snowflake store a table‘s underlying data? (Choose two.),Columnar file format,Text file format,User-defined partitions,Micro-partitions,Uncompressed,,"1, 4","All data in Snowflake tables is automatically divided into micro-partitions, which are contiguous units of storage. Each micro-partition contains between 50 MB and 500 MB of uncompressed data (note that the actual size in Snowflake is smaller because data is always stored compressed). Groups of rows in tables are mapped into individual micro-partitions, organized in a columnar fashion.",,Test 3,3
33,At which point is data encrypted when using a PUT command?,Before it is sent from the user‘s machine,When it gets micro-partitioned,After it reaches the internal stage,When it reaches the virtual warehouse,,,1,"The correct answer isBefore it is sent from the user’s machine.",,Test 3,3
34,"What are the available Snowflake scaling modes for configuring multi-cluster virtual warehouses? (Choose two.)",Standard,Economy,Auto-Scale,Maximized,Scale-Out,,"3, 4","The two available Snowflake scaling modes for configuring multi-cluster virtual warehouses are:",,Test 3,3
35,In which layer of Snowflake architecture is stored all security-related information?,All of the above.,Compute.,Cloud Services.,Storage.,,,3,"The Cloud Services layer is a collection of services coordinating activities across Snowflake. It‘s in charge of Authentication, Infrastructure management, Metadata management, Query parsing and optimization, and Access control.",,Test 3,3
36,"Which is the MINIMUM required Snowflake edition that a user must have if they want to use AWS/Azure Privatelink or Google Cloud Private Service Connect?",Premium,Standard,Business Critical,Enterprise,,,3,"Theminimum required Snowflake editionthat a user must have to utilize AWS PrivateLink, Azure Private Link, or Google Cloud Private Service Connect is theBusiness Criticaledition. This requirement ensures that users can take advantage of these private connectivity options for enhanced security and performance in their cloud environments",,Test 3,3
37,Which of the below APIs are NOT Snowpipe REST APIs? (Choose two.),insertFiles,insertHistoryScan,loadHistoryScan,insertReport,loadFiles,,"2, 5","You can make calls to REST endpoints to get information. For example, by calling the following insertReport endpoint, you can get a report of files submitted via insertFiles:GET https://.snowflakecomputing.com/v1/data/pipes//insertReport",,Test 3,3
38,What is the storage hierarchy in Snowflake?,Account → Schemas → Databases → Objects.,Account → Databases → Objects → Schemas.,Account → Databases → Schemas → Objects.,Account → Databases → Warehouses → Objects.,,,3,"The top-most container is the customer organization. All databases for your Snowflake account are contained in the account object. Securable objects such as tables, views, stages, and UDFs are contained in a schema object, which is, in turn, contained in a database. You can see the complete Snowflake hierarchy in the following image (via docs.snowflake.com):",,Test 3,3
39,What technique does Snowflake recommend for determining which virtual warehouse size to select?,Use the default size Snowflake chooses,"Experiment by running the same queries against warehouses of different sizes","Always start with an X-Small and increase the size if the query does not complete in 2 minutes",Use X-Large or above for tables larger than 1 GB,,,2,"Experimenting with different warehouse sizesis the most effective way to determine the optimal size for your specific Snowflake workloads.",,Test 3,3
40,"A Snowflake user wants to optimize performance for a query that queries only a small number of rows in a table. The rows require significant processing. The data in the table does not change frequently.What should the user do?",Create a materialized view based on the query.,Enable the query acceleration service for the virtual warehouse.,Add the search optimization service to the table.,Add a clustering key to the table.,,,1,"Materialized views are particularly useful when:Query results contain a small number of rows and/or columns relative to the base table (the table on which the view is defined).Query results contain results that require significant processing, including:Analysis of semi-structured data.Aggregates that take a long time to calculate.The query is on an external table (i.e. data sets stored in files in an external stage), which might have slower performance compared to querying native database tables.The view’s base table does not change frequently.",,Test 3,3
41,"Snowflake provides two mechanisms to reduce data storage costs for short-lived tables. These mechanisms are: (Choose two.)",Materialized views,Transient Tables,Provisional Tables,Temporary Tables,Permanent Tables,,"2, 4",,,Test 3,3
42,Which of these commands require a running warehouse?,SELECT MAX(AGE)FROM USERS_TABLE;,SELECT COUNT(*)FROM USERS_TABLE;EXPLAIN USING TABULAR,SELECT *FROM USERS_TABLEWHERE email=’test@test.com’;,SELECT COUNT(*) FROM USERS_TABLE,,,3,"Out of the provided options, only one command requires a running warehouse:",,Test 3,3
43,How is table data compressed in Snowflake?,"The text data in a micro-partition is compressed with GZIP but other types are not compressed.",Each column is compressed as it is stored in a micro-partition.,"The micro-partitions are stored in compressed cloud storage and the cloud storage handles compression.","Each micro-partition is compressed as it is written into cloud storage using GZIP.",,,2,"Snowflake automatically determines the most efficient compression algorithm for the columns in each micro-partition.",,Test 3,3
44,What should be the first option to restore data into a table?,Time-Travel.,Zero-Copy Cloning.,Fail-Safe.,Ask Snowflake Support,,,1,"Time-Travel enables accessing historical data (i.e., data that has been changed or deleted) at any point within a defined period. If we drop a table, we can restore it with time travel. You can use it with Databases, Schemas & Tables. The following diagram explains how Time-Travel works:",,Test 3,3
45,"What property from the Resource Monitors lets you specify whether you want to control the credit usage of your entire account or a specific set of warehouses?",Credit Quota.,Schedule.,Notification.,Monitor Level.,,,4,"The monitor level is a property that specifies whether the resource monitor is used to monitor the credit usage for your entire account or individual warehouses.",,Test 3,3
46,How many children tasks can a task have?,1000,10,1,100,,,4,"Snowflake tasks are schedulable scripts that are run inside your Snowflake environment. Users can define a simple tree-like structure of tasks that starts with a root task and is linked together by task dependencies. The children‘s tasks only run after the parent‘s task finishes. A single task can have a maximum of 100 predecessor tasks and 100 child tasks.",,Test 3,3
47,"While loading data through the COPY command, you can transform the data.Which of the below transformations is not allowed?",Omit columns.,Cast.,Truncate columns.,Filters.,Reorder columns.,,4,"Filtersis the transformation that is not allowed during the COPY command.",,Test 3,3
48,"A developer is granted ownership of a table that has a masking policy. The developer’s role is not able to see the masked data.Will the developer be able to modify the table to read the masked data?","Yes, because a table owner has full control and can unset masking policies.","Yes, because masking policies only apply to cloned tables.","No, because masking policies must always reference specific access roles.","No, because ownership of a table does not include the ability to change masking policies.",,,4,"Object owners (i.e. the role that has the OWNERSHIP privilege on the object) do not have the privilege to unset masking policies.Object owners cannot view column data in which a masking policy applies.",,Test 3,3
49,Which of the following is not a valid context functions in Snowflake?,SELECT CURRENT_PROVIDER(),SELECT CURRENT_CLIENT(),SELECT CURRENT_ACCOUNT(),SELECT CURRENT_IP_ADDRESS(),,,1,The answer is:SELECT CURRENT_PROVIDER(),,Test 3,3
50,Which loop type iterates until a condition is true?,REPEAT,WHILE,LOOP,FOR,,,1,"A REPEAT loop iterates until a condition is true. In a REPEAT loop, the condition is tested immediately after executing the body of the loop. As a result, the body of the loop always executes at least once.A WHILE loop iterates while a condition is true. In a WHILE loop, the condition is tested immediately before executing the body of the loop. If the condition is false before the first iteration, then the body of the loop does not execute even once.",,Test 3,3
51,Which Snowflake edition (and above) allows until 90 days of Time Travel?,Business Critical.,Enterprise.,Standard.,Virtual Private Snowflake,,,2,"By default, Time travel is enabled with a 1-day retention period. However, we can increase it to 90 days if we have (at least) the Snowflake Enterprise Edition. It requires additional storage, which will be reflected in your monthly storage charges.",,Test 3,3
52,"You have two virtual warehouses in your Snowflake account. If one of them updates the data in the storage layer, when will the other one see it?","Once all the compute resources are provisioned for the second warehouse.",After an average time of 5 seconds.,Immediately.,After the sync process.,,,3,"All the warehouses of your account share the storage layer, so if the data is updated, all the warehouses will be able to see it. You can see this behavior in the following image:",,Test 3,3
53,"During periods of warehouse contention, which parameter controls the maximum length of time a warehouse will hold a query for processing?",STATEMENT_TIMEOUT_IN_SECONDS,STATEMENT_QUEUED_TIMEOUT_IN_SECONDS,MAX_CONCURRENCY_LEVEL,QUERY_TIMEOUT_IN_SECONDS,,,2,"STATEMENT_QUEUED_TIMEOUT_IN_SECONDSAmount of time, in seconds, a SQL statement (query, DDL, DML, etc.) remains queued for a warehouse before it is canceled by the system.",,Test 3,3
54,"A Snowflake user wants to share data using my_share with account xy12345.Which command should be used?",grant select on share my_share to account xy12345;,grant usage on share my_share to account xy12345;,alter account xy12345 add share my_share;,alter share my_share add accounts = xy12345;,,,4,"ALTER SHARE [ IF EXISTS ]{ ADD | REMOVE } ACCOUNTS =[ ,, … ] [ SHARE_RESTRICTIONS = { TRUE | FALSE } ]ALTER SHARE [ IFALTER     SHARE [ IF EXISTS ]SET { [ ACCOUNTS =[ ,… ] ]",,Test 3,3
55,What are the types of data consumer accounts available in Snowflake? (Choose two.),Public Account,Shared Account,Reader Account,Subscriber account,Full Account,,"3, 5","There are two types of data consumers. The first one is the Full Accounts, the consumers with existing Snowflake accounts. In this case, the consumer account pays for the queries they make. We also have the Reader Accounts, the consumers without Snowflake accounts. In this last case, the producer account pays all the compute credits that their warehouses use. You can see this behavior in the following diagram:",,Test 3,3
56,What is the minimum Snowflake edition that you need for the Data Sharing capability?,Virtual Private Snowflake,Standard,Enterprise,Business Critical,,,2,The minimum Snowflake edition required for the Data Sharing capability isStandard.,,Test 3,3
57,Which certifications are compliant with Snowflake? (Choose three.),FedRAMP.,PCI-DSS.,ISO 9000.,SC-900.,HIPAA.,,"1, 2, 5","When considering Snowflake’s compliance, it’s essential to distinguish between Snowflake’s own compliance certifications and Snowflake’s certification programs for individuals. Here’s a breakdown:",,Test 3,3
58,Which function returns the name of the warehouse of the current session?,RUNNING_WAREHOUSE(),WAREHOUSE(),CURRENT_WAREHOUSE(),ACTIVE_WAREHOUSE(),,,3,"I’m not a big fan of learning commands by heart, and they are unlikely to appear on the exam, but this one may be useful. You have other commands to show the current database and schema, as you can see by executing the following command:SELECT CURRENT_WAREHOUSE(), CURRENT_DATABASE(), CURRENT_SCHEMA();",,Test 3,3
59,"What technique does Snowflake use to limit the number of micro-partitions retrieved as part of a query?",Indexing.,Pruning.,Computing.,Clustering.,,,2,"Query pruning consists of analyzing the smallest number of micro-partitions to solve a query. This technique retrieves all the necessary data to give a solution without looking at all the micro-partitions, saving a lot of time to return for the result.",,Test 3,3
60,"A medium (M) warehouse has auto-suspend configured after 15 minutes. You have noticed that all of the queries that run on this warehouse finish within a minute. What will you do to optimize compute costs?",Delete the warehouse after a minute.,Disable the auto-suspend option.,Use another data-warehouse.,Reduce the auto-suspend time to 1 minute.,,,4,"By reducing the minutes of the “auto-suspend“ option, the warehouse will automatically go to sleep after 60 seconds of inactivity, significantly reducing credit consumption.",,Test 3,3
1,What is the default compression of the output files generated by Snowflake when unloading data,brotli,gzip,Zstandard,bzip2,,,2,"By default, all unloaded data files are compressed using gzip, unless compression is explicitly disabled or one of the other supported compression methods is explicitly specified.",,Test 4,4
2,Scaling a warehouse UP will decrease the number of clusters. (e.g. Small to Medium),FALSE,TRUE,,,,,1,Refer Link –https://docs.snowflake.com/en/user-guide/warehouses-multicluster.html#setting-the-scaling-policy-for-a-multi-cluster-warehouse,https://docs.snowflake.com/en/user-guide/warehouses-multicluster.html#setting-the-scaling-policy-for-a-multi-cluster-warehouse,Test 4,4
3,Default Size of the warehouse created using CREATE WAREHOUSE command is,X-LARGE,SMALL,MEDIUM,X-SMALL,,,4,Refer Link –https://docs.snowflake.com/en/user-guide/warehouses-overview.html,https://docs.snowflake.com/en/user-guide/warehouses-overview.html,Test 4,4
4,Scaling up is a manual process. (e.g. Small to Medium),TRUE,FALSE,,,,,1,Refer Link –https://docs.snowflake.com/en/user-guide/warehouses-multicluster.html#setting-the-scaling-policy-for-a-multi-cluster-warehouse,https://docs.snowflake.com/en/user-guide/warehouses-multicluster.html#setting-the-scaling-policy-for-a-multi-cluster-warehouse,Test 4,4
5,Warehouses can be started and stopped at any time,TRUE,FALSE,,,,,1,Refer Link –https://docs.snowflake.com/en/user-guide/warehouses-overview.html,https://docs.snowflake.com/en/user-guide/warehouses-overview.html,Test 4,4
6,"Warehouses can also be resized at any time, even while running, to accommodate the need for more or less compute resources",TRUE,FALSE,,,,,1,Refer Link –https://docs.snowflake.com/en/user-guide/warehouses-overview.html,https://docs.snowflake.com/en/user-guide/warehouses-overview.html,Test 4,4
7,"Which scaling policy, starts additional cluster immediately when either a query is queued or the system detects that there is one more query than the currently-running clusters can execute.",Economy,Standard,Legacy,None,,,2,Refer Link –https://docs.snowflake.com/en/user-guide/warehouses-multicluster.html,https://docs.snowflake.com/en/user-guide/warehouses-multicluster.html,Test 4,4
8,A Snowflake session can have multiple current warehouse at a time,TRUE,FALSE,,,,,2,A Snowflake session can have only one current warehouse at a time. The current warehouse for a session can be specified or changed at any time through the USE WAREHOUSE command.,,Test 4,4
9,"Which scaling policy, prevents/minimizes queuing by favoring starting additional clusters over conserving credits?",Standard,None,Legacy,Economy,,,1,Refer Link –https://docs.snowflake.com/en/user-guide/warehouses-multicluster.html,https://docs.snowflake.com/en/user-guide/warehouses-multicluster.html,Test 4,4
10,Which of the following are options when creating a Virtual Warehouse?,Auto Resume,Auto Suspend,Storage Size,Cache Size,,,"1, 2",Refer Link-https://docs.snowflake.com/en/user-guide/warehouses-tasks.html,https://docs.snowflake.com/en/user-guide/warehouses-tasks.html,Test 4,4
11,A warehouse was started and it was up and running for 62 seconds. For how many seconds will the warehouse be billed for?,60 seconds,62 seconds,120 seconds,70 seconds,,,2,Snowflake utilizes per-second billing (with a 60-second minimum each time the warehouse starts) Refer Link –https://docs.snowflake.com/en/user-guide/warehouses-overview.html,https://docs.snowflake.com/en/user-guide/warehouses-overview.html,Test 4,4
12,A warehouse was started and it was up and running for 40 seconds. For how many seconds will the warehouse be billed for?,No charge would be applied as it was up for less than 1 minute,40 seconds,60 seconds,,,,3,Snowflake utilizes per-second billing (with a 60-second minimum each time the warehouse starts) Refer Link –https://docs.snowflake.com/en/user-guide/warehouses-overview.html,https://docs.snowflake.com/en/user-guide/warehouses-overview.html,Test 4,4
13,Which type of stage can store files that are staged and managed by one or more users and loaded into one or more tables,User,Table,Named,,,,3,"A named internal stage is a database object created in a schema. This stage type can store files that are staged and managed by one or more users and loaded into one or more tables. Because named stages are database objects, the ability to create, modify, use, or drop them can be controlled using security access control privileges. Create stages using the CREATE STAGE command.",,Test 4,4
14,Replication operations use Snowflake-provided compute resources to copy data between accounts across regions.,FALSE,TRUE,,,,,2,Refer Link –https://docs.snowflake.com/en/user-guide/database-replication-billing.html,https://docs.snowflake.com/en/user-guide/database-replication-billing.html,Test 4,4
15,Copy options set in multiple locations are cumulative. Individual options set in one place override the same option set lower in the order of precedence.,FALSE,TRUE,,,,,2,Refer Notes at link –https://docs.snowflake.com/en/user-guide/data-load-prepare.html,https://docs.snowflake.com/en/user-guide/data-load-prepare.html,Test 4,4
16,The scaling policy for a multi-cluster warehouse only applies (make sense) if it is running in Auto-scale mode and not in Maximized Mode,TRUE,FALSE,,,,,1,"The scaling policy for a multi-cluster warehouse only applies if it is running in Auto-scale mode. In Maximized mode, all clusters run concurrently so there is no need to start or shut down individual clusters. Refer Link –https://docs.snowflake.com/en/user-guide/warehouses-multicluster.html",https://docs.snowflake.com/en/user-guide/warehouses-multicluster.html,Test 4,4
17,"When database replication is setup, then querying tables and views in a secondary database using Time Travel will always produce exact same results as that of when executing the same query in the primary database.",FALSE,TRUE,,,,,1,"Querying tables and views in a secondary database using Time Travel can produce different results than when executing the same query in the primary database. Historical Data Historical data available to query in a primary database using Time Travel is not replicated to secondary databases. For example, suppose data is loaded continuously into a table every 10 minutes using Snowpipe, and a secondary database is refreshed every hour. The refresh operation only replicates the latest version of the table. While every hourly version of the table within the retention window is available for query using Time Travel, none of the iterative versions within each hour (the individual Snowpipe loads) are available. Data Retention Period The data retention period for tables in a secondary database begins when the secondary database is refreshed with the DML operations (i.e. changing or deleting data) written to tables in the primary database.",,Test 4,4
18,"Resource monitors provide control over virtual warehouse credit usage; however, you cannot use them to control credit usage for the Snowflake-provided warehouses, including the SNOWPIPE warehouse",FALSE,TRUE,,,,,2,Refer link –https://docs.snowflake.com/en/user-guide/data-load-snowpipe-billing.html,https://docs.snowflake.com/en/user-guide/data-load-snowpipe-billing.html,Test 4,4
19,Which of the following stages cannot be altered or dropped?,User,Table,Named External Stage,Named Internal Stage,,,"1, 2",A user stage is allocated to each user for storing files. This stage type is designed to store files that are staged and managed by a single user but can be loaded into multiple tables. User stages cannot be altered or dropped. A table stage is available for each table created in Snowflake. This stage type is designed to store files that are staged and managed by one or more users but only loaded into a single table. Table stages cannot be altered or dropped. Refer Link –https://docs.snowflake.com/en/user-guide/data-load-overview.html. Refer Section “Internal Stages“,https://docs.snowflake.com/en/user-guide/data-load-overview.html,Test 4,4
20,"Which Snowflake object records DML changes made to tables, including inserts, updates, deletes as well as metadata about each change, so that actions can be taken using the changed data",Snowpipe,Stream,Task,Kafka,,,2,Refer Link –https://docs.snowflake.com/en/user-guide/streams.html,https://docs.snowflake.com/en/user-guide/streams.html,Test 4,4
21,"Account parameters are also replicated, when a databse replication is setup",TRUE,FALSE,,,,,2,Account parameters are not replicated.,,Test 4,4
22,"Which is the default encoding considered in COPY command while loading delimited files like CSV, TSV?",UCS-2,ANSI,UTF-16,UTF-8,,,4,"For delimited files (CSV, TSV, etc.), the default character set is UTF-8. To use any other characters sets, you must explicitly specify the encoding to use for loading. For the list of supported character sets, see link –https://docs.snowflake.com/en/user-guide/intro-summary-loading.html",https://docs.snowflake.com/en/user-guide/intro-summary-loading.html,Test 4,4
23,"Snowflake maintains detailed metadata for each table into which data is loaded, including:",Etag for the file,Name of each file from which data was loaded,Number of Columns,Column Names,Number of rows parsed in the file,File Size,"1, 2, 5, 6",Refer Link –https://docs.snowflake.com/en/user-guide/data-load-considerations-load.html,https://docs.snowflake.com/en/user-guide/data-load-considerations-load.html,Test 4,4
24,"When a copy command cannot definitively determine whether a file has been loaded already, then what is the default behaviour?",The file load is skipped,"Error message is generated, that load metadata for the file for given table doesnât exists",The file is loaded,,,,1,"When the COPY command cannot definitively determine whether a file has been loaded already if the LAST_MODIFIED date is older than 64 days and the initial set of data was loaded into the table more than 64 days earlier (and if the file was loaded into the table, that also occurred more than 64 days earlier). In this case, to prevent accidental reload, the command skips the file by default. Refer link –https://docs.snowflake.com/en/user-guide/data-load-considerations-load.html",https://docs.snowflake.com/en/user-guide/data-load-considerations-load.html,Test 4,4
25,Which of the following tables cannot be cloned as permanent table?,Temporary Tables,Transient Tables,Permanent Tables,,,,"1, 2",Refer Link for details –https://docs.snowflake.com/en/user-guide/tables-temp-transient.htmlRefer the section  Comparison of Table Types in the above link.,https://docs.snowflake.com/en/user-guide/tables-temp-transient.html,Test 4,4
26,"A stream allows querying and consuming a set of changes to a table, at the row level, between two transactional points of time",TRUE,FALSE,,,,,1,"A stream object records the delta of change data capture (CDC) information for a table (such as a staging table), including inserts and other data manipulation language (DML) changes. A stream allows querying and consuming a set of changes to a table, at the row level, between two transactional points of time.",,Test 4,4
27,"If the TIMESTAMP, OFFSET, or STATEMENT specified in the AT | BEFORE clause falls outside the data retention period for the table, the query fails and returns an error.",TRUE,FALSE,,,,,1,Refer link –https://docs.snowflake.com/en/user-guide/data-time-travel.html,https://docs.snowflake.com/en/user-guide/data-time-travel.html,Test 4,4
28,"Which type of table stream tracks all DML changes to the source table including inserts, updates, deletes and also truncate?",Insert-Only,Multifunction,Standard,Native,Append-Only,,3,"A standard (i.e. delta) table stream tracks all DML changes to the source table, including inserts, updates, and deletes (including table truncates). This stream type performs a join on inserted and deleted rows in the change set to provide the row level delta. As a net effect, for example, a row that is inserted and then deleted between two transactional points of time in a table is removed in the delta (i.e. is not returned when the stream is queried).",,Test 4,4
29,Which of the following roles can use SQL to view the task history within a specified date range,Accountadmin,Task owner (i.e. role that has the OWNERSHIP privilege on a task),Public,Any role that has the global MONITOR EXECUTION privilege,Any role can view,,"1, 2, 4",Refer Link –https://docs.snowflake.com/en/user-guide/tasks-intro.html,https://docs.snowflake.com/en/user-guide/tasks-intro.html,Test 4,4
30,Tasks cannot be chained together for successive execution to support more complex periodic processing,TRUE,FALSE,,,,,2,"A task object defines a recurring schedule for executing a SQL statement, including statements that call stored procedures. Tasks can be chained together for successive execution to support more complex periodic processing.",,Test 4,4
31,"When the warehouse is resized (scaled up or out), then the additional servers that get added will be available for use by any queries that are queued or newly submitted",TRUE,FALSE,,,,,1,Refer Link –https://docs.snowflake.com/en/user-guide/warehouses-overview.html,https://docs.snowflake.com/en/user-guide/warehouses-overview.html,Test 4,4
32,The Snowflake credit usage for multi cluster virtual warehouses is based on,For multi cluster credits are always charged based on the maximum cluster size that is defined,Total Number of clusters running and for the time period they are running,For multi cluster credits are always charged based on the average cluster size that is defined,,,,2,Snowflake only charges for the exact amount of compute being used and for the time period it is being used,,Test 4,4
33,In the Snowflake Web UI which of the following is true?,"Each open worksheet can have different role, warehouse and database selected",For all open worksheet the session is same,"For all open worksheets same role, warehouse and database apply",Each open worksheet is a different session,,,"1, 4","Each worksheet in Snowflake Web UI is an independent session. Therefore, each worksheet can have its combination of Database, Schema, Virtual Warehouse & Role selected",,Test 4,4
34,The “load metadata“ (which maintains which files have already been loaded) for a table expires after how many days?,64,7,14,365,,,1,The load metadata expires after 64 days. Please see the link –https://docs.snowflake.net/manuals/user-guide/data-load-considerations-load.html#load-metadata,https://docs.snowflake.net/manuals/user-guide/data-load-considerations-load.html#load-metadata,Test 4,4
35,Storage fees are incurred for maintaining historical data during the Time Travel but not during Fail-safe periods as Fail safe is managed by Snowflake,FALSE,TRUE,,,,,1,Storage cost is for both Time Travel & Fail Safe. Refer Link –https://docs.snowflake.com/en/user-guide/data-cdp-storage-costs.html,https://docs.snowflake.com/en/user-guide/data-cdp-storage-costs.html,Test 4,4
36,"When data is shared between Snowflake accounts, a database is created on the consumer side for sharing purposes. The type of this database is ?",Read & Update Only,Read Only,Read & Insert Only,Read & Delete Only,,,2,The correct answer is read-only. The consumer creates a database from the share and the database is created as read-only,,Test 4,4
37,Which of the following are valid parameters when create a new virtual warehouse?,RAM Size,Auto Suspend,Auto Resume,Warehouse Size,Type of EC2,CPU Counts,"2, 3, 4",Please see the link for detailed syntax on virtual warehouse creationhttps://docs.snowflake.net/manuals/sql-reference/sql/create-warehouse.html,https://docs.snowflake.net/manuals/sql-reference/sql/create-warehouse.html,Test 4,4
38,What are some general indicators that a clustering key is required on a table?,The table is being used in many queries,The size of the table is in multi terabytes,The query performance using that table has slowed down over a period of time,The table has many columns,,,"2, 3",Clustering keys are defined on large table to improve performance.,,Test 4,4
39,Virtual Warehouse credits are charged on what basis?,per second use (with minimum charge of 1 minute),per hour use,per milli second use,per minute use,per second use with no minimum charge,,1,Snowflake credits are billed on per second basis of virtual warehouse use. Its important to note thought that when a virtual warehouse is started it will consume minimum 1 minute of snowflake credits and will change to per second billing after that,,Test 4,4
40,Choose the answer which true about key rotation in snowflake,Only table master key is rotated by Snowflake,Account & Table master keys are automatically rotated by Snowflake when they are more than 30 days old,Only account master key is rotated by snowflake,"Key rotation is an expensive operation, hence its done only on need basis",,,2,Refer Link -https://docs.snowflake.com/en/user-guide/security-encryption.html#encryption-key-rotation,,Test 4,4
41,What happens when a suspended warehouse is resized (e.g. resized from small to medium)?,"When size of a suspended warehouse is increased it starts the warehouse, and then suspends it back after provisioning additional servers",Additional Servers are added to the warehouse immediately even in suspended state,A suspended warehouse cannot be resized,Additional servers are provisioned only when the warehouse is next resumed,,,4,Refer Link –https://docs.snowflake.com/en/user-guide/warehouses-tasks.html,https://docs.snowflake.com/en/user-guide/warehouses-tasks.html,Test 4,4
42,Snowflake utilizes per-second billing (with a 60-second minimum each time the warehouse starts),TRUE,FALSE,,,,,1,Refer Link –https://docs.snowflake.com/en/user-guide/warehouses-overview.html,https://docs.snowflake.com/en/user-guide/warehouses-overview.html,Test 4,4
43,Multi-cluster warehouses are beneficial for improving the performance of slow-running queries or data loading,TRUE,FALSE,,,,,2,"Multi-cluster warehouses are best utilized for scaling resources to improve concurrency for users/queries. They are not as beneficial for improving the performance of slow-running queries or data loading. For these types of operations, resizing the warehouse provides more benefits.",,Test 4,4
44,"In auto scale mode, if new_max_clusters < running clusters, then excess clusters shut down immediately",TRUE,FALSE,,,,,2,"If new_max_clusters < running_clusters, excess clusters shut down when they finish executing statements and the scaling policy conditions are met. Refer Link -https://docs.snowflake.com/en/user-guide/warehouses-multicluster.html",https://docs.snowflake.com/en/user-guide/warehouses-multicluster.html,Test 4,4
45,What all resources are provided by Virtual Warehouse?,Metadata Storage,CPU,Temporary Storage,Permanent Storage,Memory,,"2, 3, 5",Refer Link –https://docs.snowflake.com/en/user-guide/warehouses.html,https://docs.snowflake.com/en/user-guide/warehouses.html,Test 4,4
46,When a virtual warehouse is provisioned there is no benefit in stopping the virtual warehouse with in the first 60 seconds because that time period has already been billed.,TRUE,FALSE,,,,,1,Compute is charged per second with minimum charge for 1 minute,,Test 4,4
47,"Which scaling policy, starts additional cluster only if the system estimates there is enough query load to keep the cluster busy for at least 6 minutes.",Legacy,None,Standard,Economy,,,4,Refer Link –https://docs.snowflake.com/en/user-guide/warehouses-multicluster.html,https://docs.snowflake.com/en/user-guide/warehouses-multicluster.html,Test 4,4
48,Multi-cluster warehouses are best utilized for scaling resources to improve concurrency for users/queries,TRUE,FALSE,,,,,1,Refer Link –https://docs.snowflake.com/en/user-guide/warehouses-multicluster.html,https://docs.snowflake.com/en/user-guide/warehouses-multicluster.html,Test 4,4
49,Scaling up of a warehouse can be done only in Enterprise edition and higher,FALSE,TRUE,,,,,1,"Scaling up (increasing size of warehouse) can be done in all editions of snowflake, however Scaling out (increasing number of clusters) can be done only in Enterprise edition and higher",,Test 4,4
50,"In maximized mode, what happens if the number of clusers are decreased? (e.g. previously min & max was 4, but now min & max cluster size is changed to 2)",The number of clusters in maximized mode cannot be changed,Specified number of clusters shut down when they finish executing statements and the auto-suspend period elapses,"Specified number of clusters shut down immediately, as soon as they finish executing statements",,,,2,Refer Link –https://docs.snowflake.com/en/user-guide/warehouses-multicluster.html,https://docs.snowflake.com/en/user-guide/warehouses-multicluster.html,Test 4,4
51,Which of the following terms are associated with the Compute/Warehouse Layer?,Query Processing,Query Planning,Query Optimization,Query Compilation,Query Design,,1,"Only query processing happens in the compute/warehouse layer, rest all options (except query design) that are given are performed in the services layer. Query design is performed by the user executing the query",,Test 4,4
52,Which of the following are true of Multi-Cluster warehouses? Select all that apply.,Scales In when query activity slows,Adds clusters automatically based on query activity,Sizes each cluster optimally based on the queries,Multi-cluster warehouses will never auto-suspend,,,"1, 2",Refer Link –https://docs.snowflake.com/en/user-guide/warehouses-multicluster.html,https://docs.snowflake.com/en/user-guide/warehouses-multicluster.html,Test 4,4
53,"A warehouse can be started at any time, excluding the initial creation time",FALSE,TRUE,,,,,1,"A warehouse can be started at any time, including on initial creation. Refer Link –https://docs.snowflake.com/en/user-guide/warehouses-tasks.html",https://docs.snowflake.com/en/user-guide/warehouses-tasks.html,Test 4,4
54,"Which scaling policy, conserves credits by favoring keeping running clusters fully-loaded rather than starting additional clusters, which may result in queries being queued and taking longer to complete?",Economy,None,Standard,Legacy,,,1,Refer Link –https://docs.snowflake.com/en/user-guide/warehouses-multicluster.html,https://docs.snowflake.com/en/user-guide/warehouses-multicluster.html,Test 4,4
55,"In auto scale mode, if new_min_clusters > running clusters, then additional clusters immediately started to meet the minimum.",TRUE,FALSE,,,,,1,Refer Link –https://docs.snowflake.com/en/user-guide/warehouses-multicluster.html,https://docs.snowflake.com/en/user-guide/warehouses-multicluster.html,Test 4,4
56,Multi-cluster warehouses is only available in Enterprise Edition and above,FALSE,TRUE,,,,,2,Refer Link –https://docs.snowflake.com/en/user-guide/warehouses-overview.html,https://docs.snowflake.com/en/user-guide/warehouses-overview.html,Test 4,4
57,How many credits will be consumed if a Medium-size warehouse (4 servers per cluster) with 3 clusters runs in Maximized mode for 2 hours,18,36,24,12,,,3,Refer Link –https://docs.snowflake.com/en/user-guide/warehouses-multicluster.html,https://docs.snowflake.com/en/user-guide/warehouses-multicluster.html,Test 4,4
58,"In a multi cluster warehouse, for each cluster there is a way we can specify different warehouse sizes",TRUE,FALSE,,,,,2,"In a multi cluster warehouse, all clusters will have one size only. Refer Link –https://docs.snowflake.com/en/user-guide/warehouses-multicluster.html",https://docs.snowflake.com/en/user-guide/warehouses-multicluster.html,Test 4,4
59,"In maximized mode, what happens if the number of clusers are increased? (e.g. previously min & max was 2, but now min & max cluster size is changed to 4)","There will not be any immediate impact, and the additional clusters will start only when the query workload demands",Specified number of clusters (in this case 4) would start immediately,Specified number of clusters would start after current queries that are executed are completed,The number of clusters in maximized mode cannot be changed,,,2,Refer Link –https://docs.snowflake.com/en/user-guide/warehouses-multicluster.html,https://docs.snowflake.com/en/user-guide/warehouses-multicluster.html,Test 4,4
60,In maximized multi-cluster warehouse same value is specified for both maximum & minimum clusters (except for the value 1),TRUE,FALSE,,,,,1,Refer Link –https://docs.snowflake.com/en/user-guide/warehouses-multicluster.html,https://docs.snowflake.com/en/user-guide/warehouses-multicluster.html,Test 4,4
1,What all objects can be shared?,Table,Standard View,Secure UDF,Secure View,,,"1, 3, 4","Data Share is meant for Secures access and so, Standard View is not allowed to be shared.",,Test 5,5
2,How can you ignore metadata and load the already loaded staged file into table?,Using LOAD = TRUE parameter with COPY INTO command,Using FORCE = YES parameter with COPY INTO command,Using FORCE = TRUE parameter with COPY INTO command,Using LOAD = FORCE parameter with COPY INTO command,Using INSERT = TRUE parameter with COPY INTO command,Using ACCEPT = TRUE parameter with COPY INTO command,3,"FORCE = TRUE parameter specifies to load all files, regardless of whether theyve been loaded previously and have not changed since they were loaded. Note that this option reloads files, potentially duplicating data in a table.",,Test 5,5
3,Which approach would result in improved performance through linear scaling of data ingestion workload?,Resize virtual warehouse,Consider the practice of splitting input file batch within the recommended range of 10MB to 100MB,All of the above,Consider the practice of organizing data by granular path,,,3,"Resize or Scaling up the virtual warehouse improves the performance. It is better that you organize data by granular path, it will help Snowflake find the file easily without wasting it‘s resources on identify the data files. As per best practice, the size of data file should be in the range of 10 MB to 110 MB. Each server can process 8 files in parallel so, breaking a file into small files is the good practice.",,Test 5,5
4,Monica has a EMPLOYEE_DATA table. Monica wants to create another table EMPLOYEE_DATA_OTHER which should be same as EMPLOYEE_DATA table with same data. What is the best option for Monica?,CREATE SHARE EMPLOYEE_DATA;,Clone the table with same data with SQL command as follows - CREATE TABLE EMPLOYEE_DATA_OTHER CLONE EMPLOYEE_DATA;,Create the table with LIKE SQL command as follows - CREATE TABLE EMPLOYEE_DATA_OTHER LIKE EMPLOYEE_DATA;,Create the table with same data with SQL command as follows - CREATE TABLE EMPLOYEE_DATA_OTHER AS SELECT * FROM EMPLOYEE_DATA;,,,2,The best option is the Clone the table as EMPLOYEE_DATA and EMPLOYEE_DATA_OTHER has same structure and same data. It will help save the storage cost. LIKE command only creates empty table.,,Test 5,5
5,Which cache stores object definitions and statistics?,Results Cache,Metadata Cache,Warehouse Cache,,,,2,Metadata Management has following major functions: – Stores metadata as data is loaded into the system – Handles queries that can be processes completely from metadata -Used for Time Travel and Cloning -Every aspect of Snowflake architecture leverages met,,Test 5,5
6,How to change the current warehouse of a session?,None of these,Execute SET WAREHOUSE command,Execute SELECT WAREHOUSE command,Execute USE WAREHOUSE command,,,4,"USE WAREHOUSE; command sets the warehouse for the current session, whereis the name of the warehouse which needs to be set for the session.",,Test 5,5
7,"If a server in warehouse cluster runs for 64 seconds, shuts down, and then restarts and runs for less than 60 seconds, for how many seconds it will be billed?",120 Seconds,124 Seconds,4 Seconds,64 Seconds,,,2,"The minimum billing charge for provisioning a server is 1 minute (i.e. 60 seconds). So, the total billing will be for 60 + 4+ 60 = 124 seconds.",,Test 5,5
8,How can you validate the COPY INTO command before actually loading data into the table?,None of these,Use parameter VALIDATION_COPY = TRUE | RETURN__ROWS | RETURN_ERRORS |RETURN_ALL_ERRORS with COPY INTO command,Simply count the loaded records and match with stage,USE parameter VALIDATION_MODE = RETURN__ROWS | RETURN_ERRORS |RETURN_ALL_ERRORS,,,4,VALIDATION_MODE instructs the COPY command to validate the data files instead of loading them into the specified table; i.e. the COPY command tests the files for errors but does not load them. The command validates the data to be loaded and returns results based on the validation option specified.,,Test 5,5
9,Which security feature is supported in Snowflake?,Tri-Secret Secure Encryption,All of these,Role-Based Access Control,Multi-Factor Authentication,,,2,"Snowflake is highly secured platform and provides multi-level security like MFA, IP whitelisting, SSO, Tri Secret Secure, Role-Based etc.",,Test 5,5
10,Snowflake offers multiple editions. Which one is not a offering from Snowflake.,Premium,Business Critical,Standard,Enterprise,,,1,Snowflake offers 4 editions: 1 – Standard Edition 2 – Enterprise Edition 3 – Business Critical Edition 4 – Virtual Private Snowflake (VPS),,Test 5,5
11,Snowflake offers the early access of staged release to designated Standard Edition Customer. True or false?,FALSE,TRUE,,,,,1,Snowflake offers early access to designated Enterprise (or higher) accounts.Early access is not required or recommended for all organizations with Enterprise Edition accounts; Snowflakes rigorous release testing and monitoring during deployments is usually sufficient to prevent most issues. Early access is intended primarily for organizations that desire added certainty that their production accounts will not be affected by full releases.,,Test 5,5
12,"If you want to view query history older than 14 days, where can you go to view it? Choose one path and one “term“ commonly used.",SNOWFLAKE (Database) -> ACCOUNT_USAGE (Schema) -> QUERY_HISTORY (Secure View),History-> Profile -> Account_Usage,Account->Usage->History,The Usage Sharing Monitor,The Account Usage Share,,"1, 5",History is available for only 14 days through UI. Older history can be found in ACCOUNT_USAGE.,,Test 5,5
13,Snowflake data storage costs are calculated based on: (Select 2),Amount Stored on First Day of Month,Uncompressed Size,Amount Stored on Last Day of Month,Amount Stored - Daily Average,Compressed Size,,"4, 5",All storage within Snowflake is billable in compressed format. Snowflake considers the daily average storage (in Terabytes) for billing.,,Test 5,5
14,Snowflake Architecture consists of many separate layers. Please select the correct layers. (Select 3).,Cloud Services Layer,Database Storage Layer,Security Layer,Query Processing Layer,,,"1, 2, 4","Snowflake Architecture consists of Cloud Services Layer, Query Processing (Warehouse) Layer and Cloud Services Layer.",,Test 5,5
15,Which vendors do support Snowflake natively for federated authentication and SSO?,Microsoft Azure Active Directory,Okta,Onelogin,Google G Suite,Microsoft ADFS,,"2, 5",Okta and Microsoft ADFS provide native Snowflake support for federated authentication and SSO. Other are not native but Snowflake supports using SAML 2.0-compliant.,,Test 5,5
16,What is the best use of SCALING OUT?,Better Concurrency,Better Performance,,,,,1,SCALING OUT is meant for handling high concurrent queries.,,Test 5,5
17,"Which query will require compute (Virtual Warehouse)? Consider table created as – CREATE or replace TABLE T1 ( ID number(2), Name varchar(20), ID number (11,2) );",SHOW DATABASES;,SELECT CURRENT_ACCOUNT();,SELECT MAX(ID) FROM T1;,SELECT * FROM T1;,SELECT MIN(ID) FROM T1;,,4,"Except SELECT * FROM T1, all the queries return results from cloud services layer metadata, So these queries do not need a running Virtual Warehouse.",,Test 5,5
18,Snowflake Resource Monitor allows administrators to set thresholds and triggers to track credit usage. What methods are most effective for resource monitoring? (Check all that apply).,Setting quota thresholds for trigger actions and notifications,Tracking and controlling credit consumption on a monthly basis,Control global monthly credit usage for an account,Tracking consumption on an hourly basis,,,"1, 2, 3","Resource monitors are not intended for strictly controlling consumption on an hourly basis; they are intended for tracking and controlling credit consumption per interval (day, week, month, etc.). Also, they are not intended for setting precise limits on credit usage (i.e. down to the level of individual credits). For example, when credit quota thresholds are reached for a resource monitor, the assigned warehouses may take some time to suspend, even when the action is Suspend Immediate, thereby consuming additional credits.",,Test 5,5
19,John wants to create a warehouse which should not start immediately. Which property will him to create a warehouse in suspended mode.,AUTO_SUSPEND = INITIAL,INITIATE = FALSE,AUTO_START = FALSE,INITIALLY_SUSPENDED = TRUE,,,4,INITIALLY_SUSPENDED = TRUE will not start the warehouse after creation. By default it is set to FALSE.,,Test 5,5
20,What action causes a Warehouse‘s cache to be purged?,The passing of 24 hours.,Resuming the warehouse.,Suspending the warehouse.,A change to the Metadata Cache size.,,,3,Cache gets purged on suspending the warehouse.,,Test 5,5
21,A user‘s default role is,The name used to log in to the WebUI,The user‘s default role is always PUBLIC,The role a user is set to each time the user logs in to the system,The user‘s default role changes each time the user logs in to the system.,,,3,The role a user is set to each time the user logs in to the system,,Test 5,5
22,What is the best practice after creating a custom role in a Snowflake account?,Grant the role to the USERADMIN role so users can be added to the role.,Grant ownership of the role to itself so a member of the role can control access to the role,Grant PUBLIC to the role so all database objects owned by PUBLIC will be available to the new role,Grant ownership to the SYSADMIN role or a child role under SYSADMIN,,,4,Custom role is mostly created for specific access of specific objects. As per best practice to grant ownership to SYSADMIN or child role under SYSADMIN so that SYSADMIN can control the access on the objects.,,Test 5,5
23,Which of the following are valid context functions?,CURRENT_SESSION( ),CURRENT_CLOUD_INFRASTRUCTURE( ),CURRENT_WORKSHEET( ),CURRENT_REGION( ),CURRENT_CLIENT( ),,"1, 4, 5",CURRENT_WORKSHEET() and CURRENT_CLOUD_INFRASTRUCTURE() are not valid context functions.,,Test 5,5
24,Secured view can be used to hide the definition but its performance can get degraded?,FALSE,TRUE,,,,,2,"Secure views should not be used for views that are defined for query convenience, such as views created for simplifying querying data for which users do not need to understand the underlying data representation. This is because the Snowflake query optimizer, when evaluating secure views, bypasses certain optimizations used for regular views. This might result in some impact on query performance for secure views.",,Test 5,5
25,Which Snowflake Editions have Elastic Data Warehousing. Check all the Snowflake editions that have Elastic Data Warehousing enabled.,Standard,Premium,Virtual Private Snowflake,Enterprise,Business Critical Edition,,"3, 4, 5",Standard Edition only has Single Compute Cluster. Premium is not a Snowflake edition. All other editions have multi clusters capability.,,Test 5,5
26,"In the History Page, a query shows Bytes Scanned having Assigned Partitions: 110, Scanned Partitions 58, and Original Partitions 110. Why did the optimizer show fewer partitions scanned than assigned?",The static optimization determined the number of possible micro partitions would be 110 but the dynamic optimization was able to prune some of the partitions from a joined table,"During the execution of the query, new data was added to the table and the optimizer had to add those micro partitions into the scan.",The query was using an Xlarge warehouse and could scan the partitions in parallel,"The optimizer estimated only 58 partitions would need to be scan but during the execution of the query, the optimizer realized it would have to read all 110 micro partitions",One of the tables in the query was an external table and didnt have micro partitions The metadata for the table was out of date and there were really only 58 partitions total,,1,"Snowflake produces well-clustered data in tables in micro-partitions. Snowflake only targets those micro-partitions which come under the range of query criteria. If table is clustered well, Snowflake scans only few of the micro-partitions.",,Test 5,5
27,John wants to create a Warehouse which can auto resume whenever there is a new load / query to execute. How should he configure the warehouse?,AUTO_SUSPEND = TRUE,AUTO_RESUME = TRUE,AUTO_RESUME = 1,It is always manual and cant be automated.,,,2,AUTO_RESUME = TRUE resumes the warehouse automatically whenever there is new load or query needing a warehouse.,,Test 5,5
28,The acronym ETL stands for what three words?,"Extract, Transition, Loading","Extract, Transition, Load","Extract, Transfer, Load","Extract, Transform, Load",,,4,First step is extraction of data from source and then Transform before loading into target database like in Snowflake.,,Test 5,5
29,Monica is a new Snowflake user with ACCOUNTADMIN role. She wants to create a warehouse which can scale out if needed. She tried to create the warehouse using UI but she is not able to find the options to set Minimum and Maximum Clusters. What could be the issue?,She should use SQL command to create the Warehouse with Minimum and Maximum clusters,She should ALTER any existing warehouse to set the Maximum and Minimum clusters,She doesn‘t have enough privilege to create a warehouse,She is using STANDARD Snowflake edition. Multi-Cluster is not available in STANDARD edition.,,,4,Multi-cluster feature is not available in Standard edition. It starts from Enterprise Edition.,,Test 5,5
30,What all commands will you use to load data from your Local File System to Snowflake table?,Only PUT command,COPY INTO followed by PUT command,PUT COMMAND followed by COPY INTO,Only COPY INTO command,,,3,"When loading data from local file system to Snowflake, you need to first run PUT command to load data from local file system to Snowflake internal stage and then run COPY INTO command to copy data from Snowflake internal stage to Table.",,Test 5,5
31,What is the column datatype used for ingesting semi-structured data?,VARCHAR,VARIANT,NUMBER,STRING,FLOAT,,2,Snowflake loads semi-structured data into a single VARIANT column. The VARIANT data type imposes a 16 MB (compressed) size limit on individual rows.,,Test 5,5
32,Snowflake maintains detailed metadata for each table into which data is loaded. For how long Snowflake keeps the metadata active?,16 Days,64 Days,32 Days,24 Hours,31 Days,,2,"Snowflake maintains detailed metadata for each table into which data is loaded, including: -Name of each file from which data was load -File Size -ETag for the file -Number of rows parsed in the file -Timestamp of the last load for the file -Information about any errors encountered in the file during loading The load metadata expires after 64 days.(LAST_MODIFIED date for a staged data).",,Test 5,5
33,If a DBA_ROLE creates a Database. Later the DBA_ROLE was dropped. Who will own the Database now which was created by DBA_ROLE?,Database will be dropped,No one can access,Role who dropped the DBA_ROLE,DBA_ROLE cant be dropped as it is the owner of the Database.,,,3,The role who dropped the DBA_ROLE will own that database. (IMPORTANT QUESTION),,Test 5,5
34,Semi-structured data types can be cast using what method?,Column_name::,Column_name AS,() Column_name,Column_name CAST TO,Column_name AS_,,1,Usage of Two colons is the correct syntax for Casting.,,Test 5,5
35,What all commands will you use to unload data from your Snowflake table to your local file systems?,Only COPY INTO command,COPY INTO command followed by GET command,Only GET command,COPY INTO followed by PUT command,,,2,First copy the data from Snowflake table to Internal Stage using COPY INTO command and then unload data from internal stage to your local file system using GET command.,,Test 5,5
36,Snowflake has a default file format if none is explicitly set or declared in SQL syntax. (TRUE / FALSE),FALSE,TRUE,,,,,2,"True, Snowflake has a default file format if none is explicitly set or declared in SQL syntax",,Test 5,5
37,Semi-Structured data must be transformed prior to loading the data into a Snowflake table. (TRUE / FALSE),FALSE,TRUE,,,,,1,"Snowflake natively supports semi-structured data, it is not must to transformed Semi-Structured data prior to loading the data into a Snowflake table.",,Test 5,5
38,What is the best option to automatically delete the files from stage after it got loaded using COPY INTO command?,Cloud provider deletes the file automatically,Setting DELETE = TRUE in COPY INTO command,Delete manually using Cloud Provide UI delete option as soon as file is loaded,Setting PURGE = TRUE in COPY INTO command,,,4,"PURGE = TRUE parameter helps remove the data files from the stage automatically after the data is loaded successfully. If the purge operation fails for any reason, no error is returned currently. So, you should also run LIST command periodically to check the available files in stage and manually remove successfully loaded files, if any exist.",,Test 5,5
39,Dynamic Data Masking is supported by:,Standard Edition,Business Critical,Enterprise Edition,VPS,,,"2, 3, 4",Dynamic Data Masking starts with the Enterprise edition.,,Test 5,5
40,How can you validate the COPY INTO command before actually loading data into the table?,Simply count the loaded records and match with stage,USE parameter VALIDATION_MODE = RETURN__ROWS | RETURN_ERRORS |RETURN_ALL_ERRORS,Use parameter VALIDATION_COPY = TRUE | RETURN__ROWS | RETURN_ERRORS |RETURN_ALL_ERRORS with COPY INTO command,None of these,,,2,VALIDATION_MODE instructs the COPY command to validate the data files instead of loading them into the specified table; i.e. the COPY command tests the files for errors but does not load them. The command validates the data to be loaded and returns results based on the validation option specified.,,Test 5,5
41,Which of the following workload is Snowflake suited for?,Data Lakes,Data Warehouse,Data Science,Data Engineering,Data Sharing and Exchanges,Data Applications,"1, 2, 3, 4, 5, 6",Snowflake is not a just Data Warehouse platform. It is a Data platform which can handle all of these workloads.,,Test 5,5
42,Reclustering in Snowflake is automatic. (TRUE / FALSE),FALSE,TRUE,,,,,2,Reclustering in Snowflake is automatic; no maintenance is needed.,,Test 5,5
43,"John wants to create a multi-cluster warehouse and wants to make sure that whenever new queries are queued, additional clusters should start immediately. How should he configure the Warehouse?",Configure as SCALE-MAX so that the warehouse is always using maximum number of specified clusters,"Snowflake takes care of this automatically so, John does not have to worry about it",Set the SCALING POLICY as ECONOMY,Set the SCALING POLICY as STANDARD,,,4,If a multi-cluster warehouse is configured with SCALING policy as STANDARD it immediately when either a query is queued or the system detects that theres one more query than the currently-running clusters can execute,,Test 5,5
44,At what frequency does Snowflake rotate the object keys?,60 Days,16 Days,30 Days,1 Year,,,3,Key automatically get rotated every 30 days.,,Test 5,5
45,What is the default compression algorithm Snowflake apply while unloading data?,GZIP3,BZ2,ZSTD,NONE,GZIP,,5,"When unloading data, files are automatically compressed using the default, which is gzip.",,Test 5,5
46,John has setup process to load specific set of files using both Bulk and Snowpipe. This is best practice to avoid any missed loading either by Bulk loading or Snowpipe. (TRUE /FALSE),TRUE,FALSE,,,,,2,"This is not a best practice, it may create reloading issue. To avoid reloading files (and duplicating data), Snowflake recommends loading data from a specific set of files using either bulk data loading or Snowpipe but not both.",,Test 5,5
47,What are the correct SQL extensions used in querying data from Time Travel? Select 2.,AFTER,INITIAL,BEFORE,AT,,,"3, 4","AT | BEFORE clause are used to query based on timestamp, offset or query id.",,Test 5,5
48,Snowflake supports transforming data while loading it into a table using the COPY command. What all options you have?,Column reordering,String Truncation,Join,Column omission,Casts,,"1, 2, 4, 5","Snowflake supports transforming data while loading it into a table using the COPY command. Options include: – Column reordering – Column omission – Casts – Truncating text strings that exceed the target column length There is no requirement for your data files to have the same number and ordering of columns as your target table. The COPY INTO transformations do not support FLATTEN, JOIN, GROUP BY.",,Test 5,5
49,"Named stages come in two varieties, what are they?",External,Permanent,Internal,Materialized,Secure,,"1, 3",External Stage and Internal Named stages are the two variant. Other stages are not names like User Stage and Table Stage.,,Test 5,5
50,Which type of view is most like a table?,Standard,Secure,Materialized,External,,,3,"Materialized views are designed to improve query performance for workloads composed of common, repeated query patterns. However, materializing intermediate results incurs additional costs. As such, before creating any materialized views, you should consider whether the costs are offset by the savings from re-using these results frequently enough.",,Test 5,5
51,Which Snowflake edition does allow for customer-managed keys encryption.,Only VPS,Standard (or higher),Enterprise (or higher),Business Critical (of higher),,,4,Business Critical (or higher) edition supports for encrypting data using customer-managed keys.,,Test 5,5
52,How can you remove the outer array structure of JSON data?,Set STRIP_INNER_ARRAY = TRUE,Set STRIP_OUTER_BRACKET = TRUE,Set STRIP_OUTER_ARRAY = 1,Set STRIP_OUTER_ARRAY = TRUE,,,4,STRIP_OUTER_ARRAY = TRUE in COPY INTO command removes the outer array structure and load the records into separate table rows.,,Test 5,5
53,"Which Snowflake Object is a named wrapper around a cluster of servers with CPU, memory, and disk",Schema,Database,Storage,Virtual Warehouse,,,4,"Virtual Warehouse is the snowflake object which is a named wrapper around a cluster of servers with CPU, memory and disk. It‘s Snowflake who managed all the complex setup behind the scene. User does not need to configure EC2 instance, physical servers or anything like that.",,Test 5,5
54,Which is not the function under Metadata Management of Cloud Services Layer?,Used for storing physical micro partition,Stores Metadata as data is loaded into the system,Handles Queries that can be processes completely from metadata,Used for Time Travel and Cloning,,,1,Metadata Management has following major functions: – Stores metadata as data is loaded into the system – Handles queries that can be processes completely from metadata -Used for Time Travel and Cloning -Every aspect of Snowflake architecture leverages metadata,,Test 5,5
55,"An hour ago, you ran a complex query. You then ran several simple queries from the same worksheet. You want to export the results from the complex query but they are no longer loaded in the Results pane of the worksheet. What is the least costly way to download the results?",Click on History -> Locate the Query -> Click the QueryID -> Use the “Export Result“ button,Click on History -> Locate the Query -> Click “Download Results“ in column 3,"Type the command Select RESULTS(,,) in the Worksheet and click “Run“",Type the command SELECT RESULTS(-3) into the Worksheet and click “Run“,,,1,"The History page displays queries executed in the last 14 days, starting with the most recent ones. You can use the End Time filter to display queries based on a specified date; however, if you specify a date earlier than the last 14 days, no results are returned. You can export results only for queries for which you can view the results (i.e. queries youve executed). If you didnt execute a query or the query result is no longer available, the Export Result button is not displayed for the query. The web interface only supports exporting results up to 100 MB in size. If a query result exceeds this limit, you are prompted whether to proceed with the export. The export prompts may differ depending on your browser. For example, in Safari, you are prompted only for an export format (CSV or TSV). After the export completes, you are prompted to download the exported result to a new window, in which you can use the Save Page As browser option to save the result to a file.",,Test 5,5
56,A CAST command (symbol) will force a value to be output as a certain datatype. Which of the following code samples will result in the “employeename“ being output using the VARCHAR datatype?,SELECT employeename::VARCHAR,SELECT employeename||VARCHAR,SELECT VARCHAR(employeename),SELECT employeename AS VARCHAR,,,1,:: is used for Casting in Snowflake.,,Test 5,5
57,Which tables will experience the most benefit from clustering?,Tables with sizes between the range of 100 MB to 1 GB compressed,Tables with sizes between the range of 1 GB to 10 GB compressed,All sizes of tables,Tables in the multi-terabyte (TB) range,,,4,"In general, tables in the multi-terabyte (TB) range will experience the most benefit from clustering, particularly if DML is performed regularly/continually on these tables.",,Test 5,5
58,Which are the correct statements about STREAMS?,Streams is used to identify and act on changed table records,STREAMS is used to scheduled SQL execution,It is used for Change Data Capture (CDC),it can not be used with TASKS,,,"1, 3","Tasks is used to scheduled SQL execution. A stream records data manipulation language (DML) changes made to a table, including information about inserts, updates, and deletes. It can be combine with TASKS to design some valuable solution.",,Test 5,5
59,Snowflake provides standard and powerful features that ensure the highest levels of security for your account and users if used properly. Which are the true statements about Snowflake Security?,Federated authentication in Snowflake is compliant with SAML 2.0,Tri-secret requires that customers manage their own keys,Snowflake supports user-based access control,,,,"1, 2","Along with Tri-Secret and Federated authentication, Snowflake supports ROLE-based access control.",,Test 5,5
60,What is the best recommended size of data file in case of SNOWPIPE continuous loading?,Same as of Bulk Loading (10 MB - 100 MB uncompressed),Same as of Bulk Loading (10 MB - 100 MB compressed),1 GB Compressed,"if file taking more than a minute, then split the files into more files",,,"2, 4",Snowpipe is designed to load new data typically within a minute after a file notification is sent. Follow the best practices as per bulk loading for file sizes (10 MB – 100 MB compressed) but split into more files if it takes more than a minute,,Test 5,5
1,What all objects can be shared?,Table,Standard View,Secure UDF,Secure View,,,"1, 3, 4","Data Share is meant for Secures access and so, Standard View is not allowed to be shared.",,Test 6,6
2,How can you ignore metadata and load the already loaded staged file into table?,Using LOAD = TRUE parameter with COPY INTO command,Using FORCE = YES parameter with COPY INTO command,Using FORCE = TRUE parameter with COPY INTO command,Using LOAD = FORCE parameter with COPY INTO command,Using INSERT = TRUE parameter with COPY INTO command,Using ACCEPT = TRUE parameter with COPY INTO command,3,"FORCE = TRUE parameter specifies to load all files, regardless of whether theyve been loaded previously and have not changed since they were loaded. Note that this option reloads files, potentially duplicating data in a table.",,Test 6,6
3,Which approach would result in improved performance through linear scaling of data ingestion workload?,Resize virtual warehouse,Consider the practice of splitting input file batch within the recommended range of 10MB to 100MB,All of the above,Consider the practice of organizing data by granular path,,,3,"Resize or Scaling up the virtual warehouse improves the performance. It is better that you organize data by granular path, it will help Snowflake find the file easily without wasting it‘s resources on identify the data files. As per best practice, the size of data file should be in the range of 10 MB to 110 MB. Each server can process 8 files in parallel so, breaking a file into small files is the good practice.",,Test 6,6
4,Monica has a EMPLOYEE_DATA table. Monica wants to create another table EMPLOYEE_DATA_OTHER which should be same as EMPLOYEE_DATA table with same data. What is the best option for Monica?,CREATE SHARE EMPLOYEE_DATA;,Clone the table with same data with SQL command as follows - CREATE TABLE EMPLOYEE_DATA_OTHER CLONE EMPLOYEE_DATA;,Create the table with LIKE SQL command as follows - CREATE TABLE EMPLOYEE_DATA_OTHER LIKE EMPLOYEE_DATA;,Create the table with same data with SQL command as follows - CREATE TABLE EMPLOYEE_DATA_OTHER AS SELECT * FROM EMPLOYEE_DATA;,,,2,The best option is the Clone the table as EMPLOYEE_DATA and EMPLOYEE_DATA_OTHER has same structure and same data. It will help save the storage cost. LIKE command only creates empty table.,,Test 6,6
5,Which cache stores object definitions and statistics?,Results Cache,Metadata Cache,Warehouse Cache,,,,2,Metadata Management has following major functions: – Stores metadata as data is loaded into the system – Handles queries that can be processes completely from metadata -Used for Time Travel and Cloning -Every aspect of Snowflake architecture leverages met,,Test 6,6
6,How to change the current warehouse of a session?,None of these,Execute SET WAREHOUSE command,Execute SELECT WAREHOUSE command,Execute USE WAREHOUSE command,,,4,"USE WAREHOUSE; command sets the warehouse for the current session, whereis the name of the warehouse which needs to be set for the session.",,Test 6,6
7,"If a server in warehouse cluster runs for 64 seconds, shuts down, and then restarts and runs for less than 60 seconds, for how many seconds it will be billed?",120 Seconds,124 Seconds,4 Seconds,64 Seconds,,,2,"The minimum billing charge for provisioning a server is 1 minute (i.e. 60 seconds). So, the total billing will be for 60 + 4+ 60 = 124 seconds.",,Test 6,6
8,How can you validate the COPY INTO command before actually loading data into the table?,None of these,Use parameter VALIDATION_COPY = TRUE | RETURN__ROWS | RETURN_ERRORS |RETURN_ALL_ERRORS with COPY INTO command,Simply count the loaded records and match with stage,USE parameter VALIDATION_MODE = RETURN__ROWS | RETURN_ERRORS |RETURN_ALL_ERRORS,,,4,VALIDATION_MODE instructs the COPY command to validate the data files instead of loading them into the specified table; i.e. the COPY command tests the files for errors but does not load them. The command validates the data to be loaded and returns results based on the validation option specified.,,Test 6,6
9,Which security feature is supported in Snowflake?,Tri-Secret Secure Encryption,All of these,Role-Based Access Control,Multi-Factor Authentication,,,2,"Snowflake is highly secured platform and provides multi-level security like MFA, IP whitelisting, SSO, Tri Secret Secure, Role-Based etc.",,Test 6,6
10,Snowflake offers multiple editions. Which one is not a offering from Snowflake.,Premium,Business Critical,Standard,Enterprise,,,1,Snowflake offers 4 editions: 1 – Standard Edition 2 – Enterprise Edition 3 – Business Critical Edition 4 – Virtual Private Snowflake (VPS),,Test 6,6
11,Snowflake offers the early access of staged release to designated Standard Edition Customer. True or false?,FALSE,TRUE,,,,,1,Snowflake offers early access to designated Enterprise (or higher) accounts.Early access is not required or recommended for all organizations with Enterprise Edition accounts; Snowflakes rigorous release testing and monitoring during deployments is usually sufficient to prevent most issues. Early access is intended primarily for organizations that desire added certainty that their production accounts will not be affected by full releases.,,Test 6,6
12,"If you want to view query history older than 14 days, where can you go to view it? Choose one path and one “term“ commonly used.",SNOWFLAKE (Database) -> ACCOUNT_USAGE (Schema) -> QUERY_HISTORY (Secure View),History-> Profile -> Account_Usage,Account->Usage->History,The Usage Sharing Monitor,The Account Usage Share,,"1, 5",History is available for only 14 days through UI. Older history can be found in ACCOUNT_USAGE.,,Test 6,6
13,Snowflake data storage costs are calculated based on: (Select 2),Amount Stored on First Day of Month,Uncompressed Size,Amount Stored on Last Day of Month,Amount Stored - Daily Average,Compressed Size,,"4, 5",All storage within Snowflake is billable in compressed format. Snowflake considers the daily average storage (in Terabytes) for billing.,,Test 6,6
14,Snowflake Architecture consists of many separate layers. Please select the correct layers. (Select 3).,Cloud Services Layer,Database Storage Layer,Security Layer,Query Processing Layer,,,"1, 2, 4","Snowflake Architecture consists of Cloud Services Layer, Query Processing (Warehouse) Layer and Cloud Services Layer.",,Test 6,6
15,Which vendors do support Snowflake natively for federated authentication and SSO?,Microsoft Azure Active Directory,Okta,Onelogin,Google G Suite,Microsoft ADFS,,"2, 5",Okta and Microsoft ADFS provide native Snowflake support for federated authentication and SSO. Other are not native but Snowflake supports using SAML 2.0-compliant.,,Test 6,6
16,What is the best use of SCALING OUT?,Better Concurrency,Better Performance,,,,,1,SCALING OUT is meant for handling high concurrent queries.,,Test 6,6
17,"Which query will require compute (Virtual Warehouse)? Consider table created as – CREATE or replace TABLE T1 ( ID number(2), Name varchar(20), ID number (11,2) );",SHOW DATABASES;,SELECT CURRENT_ACCOUNT();,SELECT MAX(ID) FROM T1;,SELECT * FROM T1;,SELECT MIN(ID) FROM T1;,,4,"Except SELECT * FROM T1, all the queries return results from cloud services layer metadata, So these queries do not need a running Virtual Warehouse.",,Test 6,6
18,Snowflake Resource Monitor allows administrators to set thresholds and triggers to track credit usage. What methods are most effective for resource monitoring? (Check all that apply).,Setting quota thresholds for trigger actions and notifications,Tracking and controlling credit consumption on a monthly basis,Control global monthly credit usage for an account,Tracking consumption on an hourly basis,,,"1, 2, 3","Resource monitors are not intended for strictly controlling consumption on an hourly basis; they are intended for tracking and controlling credit consumption per interval (day, week, month, etc.). Also, they are not intended for setting precise limits on credit usage (i.e. down to the level of individual credits). For example, when credit quota thresholds are reached for a resource monitor, the assigned warehouses may take some time to suspend, even when the action is Suspend Immediate, thereby consuming additional credits.",,Test 6,6
19,John wants to create a warehouse which should not start immediately. Which property will him to create a warehouse in suspended mode.,AUTO_SUSPEND = INITIAL,INITIATE = FALSE,AUTO_START = FALSE,INITIALLY_SUSPENDED = TRUE,,,4,INITIALLY_SUSPENDED = TRUE will not start the warehouse after creation. By default it is set to FALSE.,,Test 6,6
20,What action causes a Warehouse‘s cache to be purged?,The passing of 24 hours.,Resuming the warehouse.,Suspending the warehouse.,A change to the Metadata Cache size.,,,3,Cache gets purged on suspending the warehouse.,,Test 6,6
21,A user‘s default role is,The name used to log in to the WebUI,The user‘s default role is always PUBLIC,The role a user is set to each time the user logs in to the system,The user‘s default role changes each time the user logs in to the system.,,,3,The role a user is set to each time the user logs in to the system,,Test 6,6
22,What is the best practice after creating a custom role in a Snowflake account?,Grant the role to the USERADMIN role so users can be added to the role.,Grant ownership of the role to itself so a member of the role can control access to the role,Grant PUBLIC to the role so all database objects owned by PUBLIC will be available to the new role,Grant ownership to the SYSADMIN role or a child role under SYSADMIN,,,4,Custom role is mostly created for specific access of specific objects. As per best practice to grant ownership to SYSADMIN or child role under SYSADMIN so that SYSADMIN can control the access on the objects.,,Test 6,6
23,Which of the following are valid context functions?,CURRENT_SESSION( ),CURRENT_CLOUD_INFRASTRUCTURE( ),CURRENT_WORKSHEET( ),CURRENT_REGION( ),CURRENT_CLIENT( ),,"1, 4, 5",CURRENT_WORKSHEET() and CURRENT_CLOUD_INFRASTRUCTURE() are not valid context functions.,,Test 6,6
24,Secured view can be used to hide the definition but its performance can get degraded?,FALSE,TRUE,,,,,2,"Secure views should not be used for views that are defined for query convenience, such as views created for simplifying querying data for which users do not need to understand the underlying data representation. This is because the Snowflake query optimizer, when evaluating secure views, bypasses certain optimizations used for regular views. This might result in some impact on query performance for secure views.",,Test 6,6
25,Which Snowflake Editions have Elastic Data Warehousing. Check all the Snowflake editions that have Elastic Data Warehousing enabled.,Standard,Premium,Virtual Private Snowflake,Enterprise,Business Critical Edition,,"3, 4, 5",Standard Edition only has Single Compute Cluster. Premium is not a Snowflake edition. All other editions have multi clusters capability.,,Test 6,6
26,"In the History Page, a query shows Bytes Scanned having Assigned Partitions: 110, Scanned Partitions 58, and Original Partitions 110. Why did the optimizer show fewer partitions scanned than assigned?",The static optimization determined the number of possible micro partitions would be 110 but the dynamic optimization was able to prune some of the partitions from a joined table,"During the execution of the query, new data was added to the table and the optimizer had to add those micro partitions into the scan.",The query was using an Xlarge warehouse and could scan the partitions in parallel,"The optimizer estimated only 58 partitions would need to be scan but during the execution of the query, the optimizer realized it would have to read all 110 micro partitions",One of the tables in the query was an external table and didnt have micro partitions The metadata for the table was out of date and there were really only 58 partitions total,,1,"Snowflake produces well-clustered data in tables in micro-partitions. Snowflake only targets those micro-partitions which come under the range of query criteria. If table is clustered well, Snowflake scans only few of the micro-partitions.",,Test 6,6
27,John wants to create a Warehouse which can auto resume whenever there is a new load / query to execute. How should he configure the warehouse?,AUTO_SUSPEND = TRUE,AUTO_RESUME = TRUE,AUTO_RESUME = 1,It is always manual and cant be automated.,,,2,AUTO_RESUME = TRUE resumes the warehouse automatically whenever there is new load or query needing a warehouse.,,Test 6,6
28,The acronym ETL stands for what three words?,"Extract, Transition, Loading","Extract, Transition, Load","Extract, Transfer, Load","Extract, Transform, Load",,,4,First step is extraction of data from source and then Transform before loading into target database like in Snowflake.,,Test 6,6
29,Monica is a new Snowflake user with ACCOUNTADMIN role. She wants to create a warehouse which can scale out if needed. She tried to create the warehouse using UI but she is not able to find the options to set Minimum and Maximum Clusters. What could be the issue?,She should use SQL command to create the Warehouse with Minimum and Maximum clusters,She should ALTER any existing warehouse to set the Maximum and Minimum clusters,She doesn‘t have enough privilege to create a warehouse,She is using STANDARD Snowflake edition. Multi-Cluster is not available in STANDARD edition.,,,4,Multi-cluster feature is not available in Standard edition. It starts from Enterprise Edition.,,Test 6,6
30,What all commands will you use to load data from your Local File System to Snowflake table?,Only PUT command,COPY INTO followed by PUT command,PUT COMMAND followed by COPY INTO,Only COPY INTO command,,,3,"When loading data from local file system to Snowflake, you need to first run PUT command to load data from local file system to Snowflake internal stage and then run COPY INTO command to copy data from Snowflake internal stage to Table.",,Test 6,6
31,What is the column datatype used for ingesting semi-structured data?,VARCHAR,VARIANT,NUMBER,STRING,FLOAT,,2,Snowflake loads semi-structured data into a single VARIANT column. The VARIANT data type imposes a 16 MB (compressed) size limit on individual rows.,,Test 6,6
32,Snowflake maintains detailed metadata for each table into which data is loaded. For how long Snowflake keeps the metadata active?,16 Days,64 Days,32 Days,24 Hours,31 Days,,2,"Snowflake maintains detailed metadata for each table into which data is loaded, including: -Name of each file from which data was load -File Size -ETag for the file -Number of rows parsed in the file -Timestamp of the last load for the file -Information about any errors encountered in the file during loading The load metadata expires after 64 days.(LAST_MODIFIED date for a staged data).",,Test 6,6
33,If a DBA_ROLE creates a Database. Later the DBA_ROLE was dropped. Who will own the Database now which was created by DBA_ROLE?,Database will be dropped,No one can access,Role who dropped the DBA_ROLE,DBA_ROLE cant be dropped as it is the owner of the Database.,,,3,The role who dropped the DBA_ROLE will own that database. (IMPORTANT QUESTION),,Test 6,6
34,Semi-structured data types can be cast using what method?,Column_name::,Column_name AS,() Column_name,Column_name CAST TO,Column_name AS_,,1,Usage of Two colons is the correct syntax for Casting.,,Test 6,6
35,What all commands will you use to unload data from your Snowflake table to your local file systems?,Only COPY INTO command,COPY INTO command followed by GET command,Only GET command,COPY INTO followed by PUT command,,,2,First copy the data from Snowflake table to Internal Stage using COPY INTO command and then unload data from internal stage to your local file system using GET command.,,Test 6,6
36,Snowflake has a default file format if none is explicitly set or declared in SQL syntax. (TRUE / FALSE),FALSE,TRUE,,,,,2,"True, Snowflake has a default file format if none is explicitly set or declared in SQL syntax",,Test 6,6
37,Semi-Structured data must be transformed prior to loading the data into a Snowflake table. (TRUE / FALSE),FALSE,TRUE,,,,,1,"Snowflake natively supports semi-structured data, it is not must to transformed Semi-Structured data prior to loading the data into a Snowflake table.",,Test 6,6
38,What is the best option to automatically delete the files from stage after it got loaded using COPY INTO command?,Cloud provider deletes the file automatically,Setting DELETE = TRUE in COPY INTO command,Delete manually using Cloud Provide UI delete option as soon as file is loaded,Setting PURGE = TRUE in COPY INTO command,,,4,"PURGE = TRUE parameter helps remove the data files from the stage automatically after the data is loaded successfully. If the purge operation fails for any reason, no error is returned currently. So, you should also run LIST command periodically to check the available files in stage and manually remove successfully loaded files, if any exist.",,Test 6,6
39,Dynamic Data Masking is supported by:,Standard Edition,Business Critical,Enterprise Edition,VPS,,,"2, 3, 4",Dynamic Data Masking starts with the Enterprise edition.,,Test 6,6
40,How can you validate the COPY INTO command before actually loading data into the table?,Simply count the loaded records and match with stage,USE parameter VALIDATION_MODE = RETURN__ROWS | RETURN_ERRORS |RETURN_ALL_ERRORS,Use parameter VALIDATION_COPY = TRUE | RETURN__ROWS | RETURN_ERRORS |RETURN_ALL_ERRORS with COPY INTO command,None of these,,,2,VALIDATION_MODE instructs the COPY command to validate the data files instead of loading them into the specified table; i.e. the COPY command tests the files for errors but does not load them. The command validates the data to be loaded and returns results based on the validation option specified.,,Test 6,6
41,Which of the following workload is Snowflake suited for?,Data Lakes,Data Warehouse,Data Science,Data Engineering,Data Sharing and Exchanges,Data Applications,"1, 2, 3, 4, 5, 6",Snowflake is not a just Data Warehouse platform. It is a Data platform which can handle all of these workloads.,,Test 6,6
42,Reclustering in Snowflake is automatic. (TRUE / FALSE),FALSE,TRUE,,,,,2,Reclustering in Snowflake is automatic; no maintenance is needed.,,Test 6,6
43,"John wants to create a multi-cluster warehouse and wants to make sure that whenever new queries are queued, additional clusters should start immediately. How should he configure the Warehouse?",Configure as SCALE-MAX so that the warehouse is always using maximum number of specified clusters,"Snowflake takes care of this automatically so, John does not have to worry about it",Set the SCALING POLICY as ECONOMY,Set the SCALING POLICY as STANDARD,,,4,If a multi-cluster warehouse is configured with SCALING policy as STANDARD it immediately when either a query is queued or the system detects that theres one more query than the currently-running clusters can execute,,Test 6,6
44,At what frequency does Snowflake rotate the object keys?,60 Days,16 Days,30 Days,1 Year,,,3,Key automatically get rotated every 30 days.,,Test 6,6
45,What is the default compression algorithm Snowflake apply while unloading data?,GZIP3,BZ2,ZSTD,NONE,GZIP,,5,"When unloading data, files are automatically compressed using the default, which is gzip.",,Test 6,6
46,John has setup process to load specific set of files using both Bulk and Snowpipe. This is best practice to avoid any missed loading either by Bulk loading or Snowpipe. (TRUE /FALSE),TRUE,FALSE,,,,,2,"This is not a best practice, it may create reloading issue. To avoid reloading files (and duplicating data), Snowflake recommends loading data from a specific set of files using either bulk data loading or Snowpipe but not both.",,Test 6,6
47,What are the correct SQL extensions used in querying data from Time Travel? Select 2.,AFTER,INITIAL,BEFORE,AT,,,"3, 4","AT | BEFORE clause are used to query based on timestamp, offset or query id.",,Test 6,6
48,Snowflake supports transforming data while loading it into a table using the COPY command. What all options you have?,Column reordering,String Truncation,Join,Column omission,Casts,,"1, 2, 4, 5","Snowflake supports transforming data while loading it into a table using the COPY command. Options include: – Column reordering – Column omission – Casts – Truncating text strings that exceed the target column length There is no requirement for your data files to have the same number and ordering of columns as your target table. The COPY INTO transformations do not support FLATTEN, JOIN, GROUP BY.",,Test 6,6
49,"Named stages come in two varieties, what are they?",External,Permanent,Internal,Materialized,Secure,,"1, 3",External Stage and Internal Named stages are the two variant. Other stages are not names like User Stage and Table Stage.,,Test 6,6
50,Which type of view is most like a table?,Standard,Secure,Materialized,External,,,3,"Materialized views are designed to improve query performance for workloads composed of common, repeated query patterns. However, materializing intermediate results incurs additional costs. As such, before creating any materialized views, you should consider whether the costs are offset by the savings from re-using these results frequently enough.",,Test 6,6
51,Which Snowflake edition does allow for customer-managed keys encryption.,Only VPS,Standard (or higher),Enterprise (or higher),Business Critical (of higher),,,4,Business Critical (or higher) edition supports for encrypting data using customer-managed keys.,,Test 6,6
52,How can you remove the outer array structure of JSON data?,Set STRIP_INNER_ARRAY = TRUE,Set STRIP_OUTER_BRACKET = TRUE,Set STRIP_OUTER_ARRAY = 1,Set STRIP_OUTER_ARRAY = TRUE,,,4,STRIP_OUTER_ARRAY = TRUE in COPY INTO command removes the outer array structure and load the records into separate table rows.,,Test 6,6
53,"Which Snowflake Object is a named wrapper around a cluster of servers with CPU, memory, and disk",Schema,Database,Storage,Virtual Warehouse,,,4,"Virtual Warehouse is the snowflake object which is a named wrapper around a cluster of servers with CPU, memory and disk. It‘s Snowflake who managed all the complex setup behind the scene. User does not need to configure EC2 instance, physical servers or anything like that.",,Test 6,6
54,Which is not the function under Metadata Management of Cloud Services Layer?,Used for storing physical micro partition,Stores Metadata as data is loaded into the system,Handles Queries that can be processes completely from metadata,Used for Time Travel and Cloning,,,1,Metadata Management has following major functions: – Stores metadata as data is loaded into the system – Handles queries that can be processes completely from metadata -Used for Time Travel and Cloning -Every aspect of Snowflake architecture leverages metadata,,Test 6,6
55,"An hour ago, you ran a complex query. You then ran several simple queries from the same worksheet. You want to export the results from the complex query but they are no longer loaded in the Results pane of the worksheet. What is the least costly way to download the results?",Click on History -> Locate the Query -> Click the QueryID -> Use the “Export Result“ button,Click on History -> Locate the Query -> Click “Download Results“ in column 3,"Type the command Select RESULTS(,,) in the Worksheet and click “Run“",Type the command SELECT RESULTS(-3) into the Worksheet and click “Run“,,,1,"The History page displays queries executed in the last 14 days, starting with the most recent ones. You can use the End Time filter to display queries based on a specified date; however, if you specify a date earlier than the last 14 days, no results are returned. You can export results only for queries for which you can view the results (i.e. queries youve executed). If you didnt execute a query or the query result is no longer available, the Export Result button is not displayed for the query. The web interface only supports exporting results up to 100 MB in size. If a query result exceeds this limit, you are prompted whether to proceed with the export. The export prompts may differ depending on your browser. For example, in Safari, you are prompted only for an export format (CSV or TSV). After the export completes, you are prompted to download the exported result to a new window, in which you can use the Save Page As browser option to save the result to a file.",,Test 6,6
56,A CAST command (symbol) will force a value to be output as a certain datatype. Which of the following code samples will result in the “employeename“ being output using the VARCHAR datatype?,SELECT employeename::VARCHAR,SELECT employeename||VARCHAR,SELECT VARCHAR(employeename),SELECT employeename AS VARCHAR,,,1,:: is used for Casting in Snowflake.,,Test 6,6
57,Which tables will experience the most benefit from clustering?,Tables with sizes between the range of 100 MB to 1 GB compressed,Tables with sizes between the range of 1 GB to 10 GB compressed,All sizes of tables,Tables in the multi-terabyte (TB) range,,,4,"In general, tables in the multi-terabyte (TB) range will experience the most benefit from clustering, particularly if DML is performed regularly/continually on these tables.",,Test 6,6
58,Which are the correct statements about STREAMS?,Streams is used to identify and act on changed table records,STREAMS is used to scheduled SQL execution,It is used for Change Data Capture (CDC),it can not be used with TASKS,,,"1, 3","Tasks is used to scheduled SQL execution. A stream records data manipulation language (DML) changes made to a table, including information about inserts, updates, and deletes. It can be combine with TASKS to design some valuable solution.",,Test 6,6
59,Snowflake provides standard and powerful features that ensure the highest levels of security for your account and users if used properly. Which are the true statements about Snowflake Security?,Federated authentication in Snowflake is compliant with SAML 2.0,Tri-secret requires that customers manage their own keys,Snowflake supports user-based access control,,,,"1, 2","Along with Tri-Secret and Federated authentication, Snowflake supports ROLE-based access control.",,Test 6,6
60,What is the best recommended size of data file in case of SNOWPIPE continuous loading?,Same as of Bulk Loading (10 MB - 100 MB uncompressed),Same as of Bulk Loading (10 MB - 100 MB compressed),1 GB Compressed,"if file taking more than a minute, then split the files into more files",,,"2, 4",Snowpipe is designed to load new data typically within a minute after a file notification is sent. Follow the best practices as per bulk loading for file sizes (10 MB – 100 MB compressed) but split into more files if it takes more than a minute,,Test 6,6
1,If an account has federated authentication enabled. Can Snowflake admins still maintain user id and passwords in Snowflake?,No,Yes,,,,,2,"With federated authentication enabled for your account, Snowflake still allows maintaining and using Snowflake user credentials (login name and password). In other words: – Account and security administrators can still create users with passwords maintained in Snowflake. – Users can still log into Snowflake using their Snowflake credentials. However, if federated authentication is enabled for your account, Snowflake does not recommend maintaining user passwords in Snowflake. Instead, user passwords should be maintained solely in your IdP.",,Test 7,7
2,The compute resource used by Snowflake for data loading jobs can be provided by:,User managed virtual warehouse,Hardware provisioned by user directly from cloud providers,All of these,Snowflake managed service,,,"1, 4",Data loading using SNOWPIPE (Continuous Loading) consumed Snowflake managed warehouse. Manual data loading (Bulk Loading) using SQL commands like COPY INTO utilizes compute resources of warehouse created by the user.,,Test 7,7
3,Which command will help you the current permissions on a Schema?,SHOW ROLES ON SCHEMA.;,SHOW ALL PREIVILEGE ON SCHEMA.;,SHOW GRANTS ON SCHEMA.;,SHOW GRANTS OF SCHEMA.;,,,3,"To view the current set of privileges granted on an object, you can execute the SHOW GRANTS command. To view the current permissions on a schema, execute the following command: SHOW GRANTS ON SCHEMA.;",,Test 7,7
4,What data structure types can be ingested into a VARIANT column in a Snowflake table? (Check all that apply),XML,PARQUET,AVRO,ORC,JSON,,"1, 2, 3, 4, 5","Snowflake supports all these types of Semi-Structured data. JSON (JavaScript Object Notation) is a lightweight, plain-text, data-interchange format based on a subset of the JavaScript Programming Language. Avro is an open-source data serialization and RPC framework originally developed for use with Apache Hadoop. It utilizes schemas defined in JSON to produce serialized data in a compact binary format. ORC is used to store Hive data, the ORC (Optimized Row Columnar) file format was designed for efficient compression and improved performance for reading, writing, and processing data over earlier Hive file formats. Parquet is a compressed, efficient columnar data representation designed for projects in the Hadoop ecosystem. The file format supports complex nested data structures and uses Dremel record shredding and assembly algorithms. XML (Extensible Markup Language) is a markup language that defines a set of rules for encoding documents. It was originally based on SGML, another markup language developed for standardizing the structure and elements that comprise a document.",,Test 7,7
5,What level of Privilege do you need to view Resource monitor?,OWNERSHIP,USAGE,OPERATE,MONITOR,,,4,MONITOR Privilege can enable you to view a resource monitor.,,Test 7,7
6,At what frequency does Snowflake rotate the object keys?,1 Year,30 Days,16 Days,60 Days,,,2,Key automatically get rotated every 30 days.,,Test 7,7
7,Snowflake supports many methods of authentication. Which are the supported authentication methods in ALL Snowflake Editions?,MFA (Multi-factor authentication),Only MFA is supported by all the Snowflake editions,OAuth,SSO,Only MFA and SSO are supported by all the Snowflake editions,,"1, 3, 4","MFA, Oauth, SSO – all these methods are supported by all the Snowflake editions.",,Test 7,7
8,"When key: value pairs are queried from a semi-structured record and the data is not cast, what is the data type returned?The system automatically cast the value to the correct data type based on the structure",Binary,Varchar,Variant,String,,,3,Value gets return in VARIANT data type format.,,Test 7,7
9,What is the best practice after creating a custom role in a Snowflake account?,Grant ownership of the role to itself so a member of the role can control access to the role,Grant ownership to the SYSADMIN role or a child role under SYSADMIN,Grant the role to the USERADMIN role so users can be added to the role.,Grant PUBLIC to the role so all database objects owned by PUBLIC will be available to the new role,,,2,Custom role is mostly created for specific access of specific objects. As per best practice to grant ownership to SYSADMIN or child role under SYSADMIN so that SYSADMIN can control the access on the objects.,,Test 7,7
10,What is default size of unload file?,32 MB,10 MB,100 MB,16 MB,,,4,Default file size for unload is 16 MB.,,Test 7,7
11,Loading using SNOWPIPE is best useful for:,Load small volumes of data incrementally,Load large files with size of 500 MB,None of these,Data Files which takes at least 30 to 60 Minutes.,,,1,"SNOWPIPE is designed to load small volumes of data (i.e. micro-batches) and incrementally make them available for analysis. Snowpipe loads data within minutes after files are added to a stage and submitted for ingestion. This ensures users have the latest results, as soon as the raw data is available.",,Test 7,7
12,Snowflake supports transforming data while loading it into a table using the COPY command. What all options you have?,Column omission,Casts,Join,Column reordering,String Truncation,,"1, 2, 4, 5","Snowflake supports transforming data while loading it into a table using the COPY command. Options include: – Column reordering – Column omission – Casts – Truncating text strings that exceed the target column length There is no requirement for your data files to have the same number and ordering of columns as your target table. The COPY INTO transformations do not support FLATTEN, JOIN, GROUP BY.",,Test 7,7
13,Which stage is allocated to a user?,Internal named stage,External names stage,Internal user stage,Internal table stage,,,3,A user stage is allocated to each user for storing files. This stage type is designed to store files that are staged and managed by a single user but can be loaded into multiple tables. User stages cannot be altered or dropped.,,Test 7,7
14,How can you remove the outer array structure of JSON data?,Set STRIP_OUTER_ARRAY = 1,Set STRIP_OUTER_ARRAY = TRUE,Set STRIP_OUTER_BRACKET = TRUE,Set STRIP_INNER_ARRAY = TRUE,,,2,STRIP_OUTER_ARRAY = TRUE in COPY INTO command removes the outer array structure and load the records into separate table rows.,,Test 7,7
15,Snowflake can query the data from External Tables. (TRUE / FALSE),FALSE,TRUE,,,,,2,External tables enable querying existing data stored in external cloud storage for analysis without first loading it into Snowflake. The source of truth for the data remains in the external cloud storage. This solution is especially beneficial to accounts that have a large amount of data stored in external cloud storage and only want to query a portion of the data,,Test 7,7
16,External Stages require customers to have an account with a cloud storage service provider. Which of the following are available currently or have been announced by Snowflake as under development?,GCP Buckets,AWS S3,DROPBOX,MS Azure Blob,BOX,,"1, 2, 4","Snowflake currently supports AWS S3, MS Azure Blob, GCP Buckets.",,Test 7,7
17,Which key concepts should be considered when loading data into Snowflake?,Transformation and error validation,Stage Object,All of these,File Format,,,3,"All of these are key components for data loading. Stage is from where you are getting the data like AWS S3 external Stage. File Format tells Snowflake what type of data it is. Is it CSV, JSON, PARQUET, AVRO, ORC, XML etc. Transformation and error validation help getting the right data in right order and right form.",,Test 7,7
18,Time travel is available for which table types? (Select 3),Transient,Permanent,External,Temporary,,,"1, 2, 4","Permanent (0-1 days in case of Standard edition / 0 – 90 days in case of other editions), Temporary and Transient Tables are having maximum 1 day of Time-Travel. External Table is not managed by Snowflake and so Time Travel is not available for External table.",,Test 7,7
19,What is the column datatype used for ingesting semi-structured data?,NUMBER,VARIANT,FLOAT,STRING,VARCHAR,,2,Snowflake loads semi-structured data into a single VARIANT column. The VARIANT data type imposes a 16 MB (compressed) size limit on individual rows.,,Test 7,7
20,What all commands will you use to load data from your Local File System to Snowflake table?,Only COPY INTO command,COPY INTO followed by PUT command,PUT COMMAND followed by COPY INTO,Only PUT command,,,3,"When loading data from local file system to Snowflake, you need to first run PUT command to load data from local file system to Snowflake internal stage and then run COPY INTO command to copy data from Snowflake internal stage to Table.",,Test 7,7
21,"FORCE option is used to load all files, ignoring load metadata if it exists. (TRUE / FALSE)",FALSE,TRUE,,,,,2,"You can set the FORCE option to load all files, ignoring load metadata if it exists. Note that this option reloads files, potentially duplicating data in a table.",,Test 7,7
22,A user‘s default role is,The role a user is set to each time the user logs in to the system,The user‘s default role is always PUBLIC,The name used to log in to the WebUI,The user‘s default role changes each time the user logs in to the system.,,,1,The role a user is set to each time the user logs in to the system,,Test 7,7
23,What are the three Snowflake Stage types? (Select 3),Secure,Permanent,Materialized,User,Named,Table,"4, 5, 6","Internal User Stage  It is allocated to each user for storing files. Managed by a single user. Cant be altered or dropped. User Stages are referenced using @~. Internal Table Stage  It is available for each table created in Snowflake and available for one of many users but only loaded into a single table. Cant be altered or dropped. Stage is referenced as @%. When copying data from files in a table stage, the FROM clause can be omitted because Snowflake automatically checks for files in the table stage. Internal Named Stage  A named internal stage is a database object created in a schema. Stage is referenced as @.“",,Test 7,7
24,What are the features of Column-level security? (Select 2),Internal Tokenization,External Tokenization,Dynamic Data Masking,Column Masking,,,"2, 3","Column-level security in Snowflake allows the application of a masking policy to a column within a table or view. Currently, column-level security comprises two features: – Dynamic Data Masking – External Tokenization Dynamic Data Masking is a column-level security feature that uses masking policies to selectively mask plain-text data in table and view columns at query time. External Tokenization enables accounts to tokenize data before loading it into Snowflake and detokenize the data at query runtime.",,Test 7,7
25,The FLATTEN command will parse nested entities into separate rows. One version of the FLATTEN command uses a join and the other uses an object keyword. Select the two words that represent the options used with the FLATTEN command.,TABLE,CONVERT,LATERAL,SIDEWAYS,,,"1, 3",LATERAL and TABLE are the two options used to FLATTEN data.,,Test 7,7
26,SNOWPIPE AUTO_INGEST method only works with External Stages. (TRUE/FALSE),TRUE,FALSE,,,,,1,"SNOWPIPE only works with External Stages whereas, SNOWPIPE (REST) method works for both External and Internal stages.",,Test 7,7
27,Which parameter does help in loading files whose metadata has expired?,Set LAST_MODIFIED_DATE to more than 64 days,set LOAD_UNCERTAIN_FILES to TRUE,set LOAD_EXPIRED_FILES to TRUE,set LAST_MODIFIED_DATE to within 64 days,,,2,"To load files whose metadata has expired, set the LOAD_UNCERTAIN_FILES copy option to true.",,Test 7,7
28,Which role at least should have MFA configured?,ACCOUNTADMIN,SECURITYADMIN,PUBLIC,SYSADMIN,,,1,"ACCOUNTADMIN must have MFA enabled for account level security. Also, it is recommended to have at least 2 users in ACCOUNTADMIN role.",,Test 7,7
29,Snowflake black list some certain IPs by default to ensure that customer is getting highest level of Network security. (TRUE / FALSE),FALSE,TRUE,,,,,1,"Snowflake doesn‘t black list any IP. You can set Account-Level Network Policy to allow access or restrict any IP or IPs range. If you can whitelist something, everything will be black listed by default.",,Test 7,7
30,Which of the following industry compliance standards has Snowflake been audited and certified for?,SOC1,HIPAA,SOC Type 2,Cloud GBDQ,PCI DSS,FedRamp,"1, 2, 3, 5, 6",All of these except Cloud GBDQ.,,Test 7,7
31,How can you create a “Super-User“ or “Super-Role“ in Snowflake who can bypass all the authorization checks?,There is no concept of SUPER-ROLE or SUPER-USER in Snowflake,Contact Snowflake personnel to create a Super-Role or Super-User for your account,CREATE ROLE SUPER_ROLE;,ACCOUNTADMIN role is same as Super-Role,,,1,There is no concept of a super-user or super-role in Snowflake that can bypass authorization checks. All access requires appropriate access privileges.,,Test 7,7
32,A multi-cluster virtual warehouse is Auto-Scale when,MIN_CLUSTER_COUNT = 1 MAX_CLUSTER_COUNT = 4,MIN_CLUSTER_COUNT = 3 MAX_CLUSTER_COUNT = 3,Minimum number of clusters and Maximum number of clusters are same and must be specified with a value of more than 1.,Minimum and Maximum number of clusters are specified differently.,,,"1, 4","This mode is enabled by specifying different values for maximum and minimum clusters. In this mode, Snowflake starts and stops clusters as needed to dynamically manage the load on the warehouse.",,Test 7,7
33,"If you are ACCOUNTADMIN, you can query and recover data from Fail-safe without the help of Snowflake support. (TRUE/FALSE)",TRUE,FALSE,,,,,2,Only Snowflake Support can recover the data from Fail-safe.,,Test 7,7
34,Snowflake data storage costs are calculated based on: (Select 2),Uncompressed Size,Amount Stored on First Day of Month,Compressed Size,Amount Stored on Last Day of Month,Amount Stored - Daily Average,,"3, 5",All storage within Snowflake is billable in compressed format. Snowflake considers the daily average storage (in Terabytes) for billing.,,Test 7,7
35,How does Snowflake provide continuous availability?,Customer has to backup the data locally out of cloud,Fail Safe Storage,Time Travel Storage,Snowflake synchronizes data across availability zones,,,"2, 3, 4",Snowflake Transparently synchronizes data across availability zones which are geographically separated and on separate power grids. No downtime while updates and patches. Time- Travel and Fail-Safe features help customers recover data within a defined retention period.,,Test 7,7
36,How many virtual warehouses can be created in a Snowflake Account?,8,As many as needed,16,4,,,2,There is no limit. A customer can create unlimited number of warehouses.,,Test 7,7
37,How much is the Time-Travel retention period of Temporary Table?,90 days,0 days,7 days,1 day,,,4,Temporary Table has maximum of 1 day Time-Travel retention period.,,Test 7,7
38,"Scaling a Warehouse OUT will increase the number of clusters (e.g., Min to Max)",FALSE,TRUE,,,,,2,SCALING OUT means adding additional clusters. It is called Multi-Clustering.,,Test 7,7
39,Monica mistakenly dropped a table T1 last week. The database has Time-Travel retention period set to 90 days. How can Monica recover the table which she dropped last week.,Monica should contact Salesforce support to get it done,Monica can execute UNDROP TABLE T1 command after setting up the right context for Database and schema,Monica cant recover it from TIME-TRAVEL as the table T1 moved to Fail-safe,Monica can use the UI > ACCOUNT menu to recover the table T1,,,2,"UNDROP TABLE command helps recover the TABLE which is still in TIME-TRAVEL. Since, Monica dropped last week so it is just a week old drop which will be available in the Time Travel with retention period of 90 days.",,Test 7,7
40,"John wants to create a multi-cluster warehouse and wants to make sure that whenever new queries are queued, additional clusters should start immediately. How should he configure the Warehouse?",Configure as SCALE-MAX so that the warehouse is always using maximum number of specified clusters,Set the SCALING POLICY as ECONOMY,Set the SCALING POLICY as STANDARD,"Snowflake takes care of this automatically so, John does not have to worry about it",,,3,If a multi-cluster warehouse is configured with SCALING policy as STANDARD it immediately when either a query is queued or the system detects that theres one more query than the currently-running clusters can execute,,Test 7,7
41,Which vendors do support Snowflake natively for federated authentication and SSO?,Okta,Microsoft ADFS,Google G Suite,Onelogin,Microsoft Azure Active Directory,,"1, 2",Okta and Microsoft ADFS provide native Snowflake support for federated authentication and SSO. Other are not native but Snowflake supports using SAML 2.0-compliant.,,Test 7,7
42,Which types of stages are automatically available in Snowflake and do not need to be created or configured?,User,Named Internal,Table,Named External,,,"1, 3","Internal User Stage  It is allocated to each user for storing files. Managed by a single user. Cant be altered or dropped. User Stages are referenced using @~. Internal Table Stage  It is available for each table created in Snowflake and available for one of many users but only loaded into a single table. Cant be altered or dropped. Stage is referenced as @%. When copying data from files in a table stage, the FROM clause can be omitted because Snowflake automatically checks for files in the table stage.",,Test 7,7
43,Which are the correct statements about STREAMS?,STREAMS is used to scheduled SQL execution,it can not be used with TASKS,It is used for Change Data Capture (CDC),Streams is used to identify and act on changed table records,,,"3, 4","Tasks is used to scheduled SQL execution. A stream records data manipulation language (DML) changes made to a table, including information about inserts, updates, and deletes. It can be combine with TASKS to design some valuable solution.",,Test 7,7
44,What actions can be performed when an error is encountered while loading data from a file?,Continue loading the file.,Abort the load operation,Skip file,skip file when the number of errors in the file is equal to 10,,,"1, 2, 3, 4",All these actions can be taken. You can specify one or more of the following copy options : CONTINUE SKIP_FILE SKIP_FILE_(e.g. SKIP_FILE_10) SKIP_FILE_% (e.g. SKIP_FILE_10%) ABORT_STATEMENT,,Test 7,7
45,Snowflake provides standard and powerful features that ensure the highest levels of security for your account and users if used properly. Which are the true statements about Snowflake Security?,Snowflake supports user-based access control,Tri-secret requires that customers manage their own keys,Federated authentication in Snowflake is compliant with SAML 2.0,,,,"2, 3","Along with Tri-Secret and Federated authentication, Snowflake supports ROLE-based access control.",,Test 7,7
46,"If a server in warehouse cluster runs for 64 seconds, shuts down, and then restarts and runs for less than 60 seconds, for how many seconds it will be billed?",64 Seconds,120 Seconds,4 Seconds,124 Seconds,,,4,"The minimum billing charge for provisioning a server is 1 minute (i.e. 60 seconds). So, the total billing will be for 60 + 4+ 60 = 124 seconds.",,Test 7,7
47,Which objects are securable objects in Snowflake?,Database,File Format,Table,Warehouse,,,"1, 2, 3, 4","All of these are securable objects in Snowflake. Securable Object is an entity to which access can be granted. Unless allowed by a grant, access will be denied.",,Test 7,7
48,How can you ignore metadata and load the already loaded staged file into table?,Using ACCEPT = TRUE parameter with COPY INTO command,Using LOAD = TRUE parameter with COPY INTO command,Using FORCE = TRUE parameter with COPY INTO command,Using LOAD = FORCE parameter with COPY INTO command,Using INSERT = TRUE parameter with COPY INTO command,Using FORCE = YES parameter with COPY INTO command,3,"FORCE = TRUE parameter specifies to load all files, regardless of whether theyve been loaded previously and have not changed since they were loaded. Note that this option reloads files, potentially duplicating data in a table.",,Test 7,7
49,"When unloading data into multiple files, use the MAX_FILE_SIZE copy option to specify the maximum size of each file created. (TRUE / FALSE)",TRUE,FALSE,,,,,1,"True, When unloading data into multiple files, use the MAX_FILE_SIZE copy option to specify the maximum size of each file created. If you want to unload in just one file you can set SINGLE = TRUE.",,Test 7,7
50,Which type of the object key is only used for decryption?,Active key,Retired Key,None of these,Destroyed key,,,2,Active Key is used for both encryption and decryption. Retired Key is used for decryption only. Destroyed Key is no longer used.,,Test 7,7
51,"Named stages come in two varieties, what are they?",Internal,Permanent,Secure,Materialized,External,,"1, 5",External Stage and Internal Named stages are the two variant. Other stages are not names like User Stage and Table Stage.,,Test 7,7
52,Which security feature is supported in Snowflake?,Role-Based Access Control,Multi-Factor Authentication,All of these,Tri-Secret Secure Encryption,,,3,"Snowflake is highly secured platform and provides multi-level security like MFA, IP whitelisting, SSO, Tri Secret Secure, Role-Based etc.",,Test 7,7
53,Semi Structured data can be accessed: (Select 3),In a permanent table using the variant data type,In files in an external stage,In files on an AWS EC2 server,In files in a internal stage,In files in an on-prem file server,,"1, 2, 4","Snowflake CAN‘T access from AWS EC2 server and on-prem file server. Snowflake can query External Table ( files of External Stage), Internal Stage and Permanent table.",,Test 7,7
54,Snowflake provides native support for semi-structured data. Select true option about Snowflake native support for Semi-Structure data.,Automatic conversion of data to optimize internal storage format,All of these,Flexible-Schema data types for loading semi-structured data without transformation,Database Optimization for fast and efficient SQL querying.,,,2,"Snowflake provides native support for semi-structured data, including: Flexible-schema data types for loading semi-structured data without transformation. Automatic conversion of data to optimized internal storage format. Database optimization for fast and efficient SQL querying.",,Test 7,7
55,How can you create a user in Snowflake without password?,Using Salesforce Web interface,User creation without password is not possible,Using SQL Command - CREATE USER,,,,3,"Note that you cannot use the Snowflake web interface to create users with no passwords or remove passwords from existing users. You must use CREATE USER or ALTER USER. If you create a user with no password (or alter an existing user and remove their password), this effectively disables Snowflake authentication for the user. Without a password in Snowflake, a user cannot log in using Snowflake authentication and must use federated authentication instead.",,Test 7,7
56,Which role is not a Snowflake System-defined role assigned to a new account?,ACCOUNTADMIN,PUBLIC,CUSTOM,SYSADMIN,SECURITYADMIN,,3,CUSTOM ROLE is not a role which is out of the box assigned to an account. It is created by customer based on the need.,,Test 7,7
57,Two of the key attributes that distinguish semi-structure data from structured data are :,Lack of a Fixed Schema,Nested data structure,Fixed Schema,,,,"1, 2",Two of the key attributes that distinguish semi-structured data from structured data are nested data structures and the lack of a fixed schema.,,Test 7,7
58,Which role is inherited to every other role in the account?,DEFAULT ROLE,STANDARD ROLE,CONTROL ROLE,PUBLIC ROLE,PREFERED ROLE,,4,"PUBLIC role is Pseudo-role, that is automatically granted to every user and every role in your account. The PUBLIC role can own securable objects, just like any other role; however, the objects owned by the role are, by definition, available to every other user and role in your account. This role is typically used in cases where explicit access control is not needed and all users are viewed as equal with regard to their access rights.",,Test 7,7
59,"You set up a Snowflake account, choosing AWS as your cloud platform provider. What stages can you use to load data files? (Check all that apply)",NAMED INTERNAL,NAMED EXTERNAL - using GCS/GCP Buckets,TABLE,USER,NAMED EXTERNAL - using Azure BLOB storage,NAMED EXTERNAL - using S3 Buckets,"1, 2, 3, 4, 5, 6","Does not matter which cloud provider you have setup your account, Snowflake supports all the stages. For example, you can have your account setup on AWS but you can use Azure blob as your external stage.",,Test 7,7
60,What is the default compression algorithm Snowflake apply while unloading data?,NONE,GZIP,GZIP3,ZSTD,BZ2,,2,"When unloading data, files are automatically compressed using the default, which is gzip.",,Test 7,7
1,How much is the Time-Travel retention period of Permanent Table (Standard Edition)?,1 day,7 days,90 days,0 days,,,1,Permanent Table has maximum of 1 day for Standard Edition and maximum of 90 days Time-Travel retention period for all other Snowflake editions.,,Test 8,8
2,You have a LARGE sized warehouse ‘MY_WAREHOUSE‘. You want to change the size to SMALL. Which SQL statement will help you to change the size of warehouse?,ALTER WAREHOUSE MY_WAREHOUSE SET WAREHOUSE_SIZE = “SMALL“;,ALTER WAREHOUSE MY_WAREHOUSE SET SIZE = “SMALL“;,UPDATE MY_WAREHOUSE SET SIZE = “SMALL“;,ALTER MY_WAREHOUSE SET SIZE = “SMALL“;,,,1,ALTER WAREHOUSE command can help change the warehouse size,,Test 8,8
3,Which type of Tables has 7 days Fail-Safe period.,Permanent,Temporary,External,Transient,,,1,Only Permanent Table retains 7 days of Fail-Safe.,,Test 8,8
4,Please choose the correct statements about Micro-Partitions (Select 2),Snowflake automatically determines the most efficient compression algorithm for the columns in each micro-partition.,Snowflake micro-partitions are derived automatically,"Micro-partitions are small in size (50 to 500 MB, after compression)",Micro-partitions can‘t overlap in their range of values,,,"1, 2","Snowflake takes care of all the compression algorithm. Micro-partitions can overlap in their range of values, which, combined with their uniformly small size, helps prevent skew. The micro-partitions are small in size (50 to 500 MB, BEFORE compression).",,Test 8,8
5,Which Snowflake Editions have Elastic Data Warehousing. Check all the Snowflake editions that have Elastic Data Warehousing enabled.,Premium,Standard,Enterprise,Virtual Private Snowflake,Business Critical Edition,,"3, 4, 5",Standard Edition only has Single Compute Cluster. Premium is not a Snowflake edition. All other editions have multi clusters capability.,,Test 8,8
6,Monica is an ACCOUNTADMIN and wants to change the Time Travel retention period of table T1 of database DB1 to 15 days. Which options will help her to set the new Time Travel retention period?,Execute SQL Command - ALTER TABLE T1 SET DATA_RETENTION_TIME_IN_DAYS = 15;,Monica can change the retention period through ACCOUNT tab on UI,Monica should contact Salesforce support to get it done,Execute SQL Command - ALTER TABLE T1 SET DATA_RETENTION_TIME_IN_DAYS = 75;,,,1,Set the correct context for Database and Schema and run the ALTER TABLE command to set DATA_RETENTION_TIME_IN_DAYS to 15.,,Test 8,8
7,Some compute occurs in the cloud services layer. When customer is charged for compute which occurred in the cloud services layer?,There is no charge to customer for cloud services layer,Customers are charged for cloud computing that exceeds 50% of total compute costs for the account,Customers are charged for cloud computing that exceeds 10% of total storage costs for the account,Customers are charged for cloud computing that exceeds 10% of total compute costs for the account,,,4,"Usage for cloud-services is charged only if the daily consumption of cloud services exceeds 10% of the daily usage of the compute resources. The charge is calculated daily (in the UTC time zone). This ensures that the 10% adjustment is accurately applied each day, at the credit price for that day.",,Test 8,8
8,How much data each of the micro-partition contain in uncompressed form? Select the,1 GB,16 MB,Between 50 MB to 500 MB,Between 10 MB to 40 MB,,,3,"Micro-partitions are small in size (50 to 500 MB, before compression).",,Test 8,8
9,Snowflake compute costs depend on which of the following? (Select 2),The number of rows returned in queries.,The sizes of running warehouses.,The amount of time warehouses have run.,The total number of warehouses in the account.,,,"2, 3",Compute cost depends on the Warehouse Size and the time it was in started mode or running,,Test 8,8
10,Micro-partitions are IMMUTABLE. What are features make micro-partitions IMMUTABLE?,Snowflake purges the micro-partitions as soon as you delete any record from table.,Snowflake creates new micro-partitions every time there is data change.,Micro-Partitions are not editable.,When new data gets ingested Snowflake tries to insert data in existing micro-partition to save the storage.,,,"2, 3","Snowflake creates new partitions in case of any data change or new ingested data and also keeps the old version of micro-partition. The old versions of micro-partitions are used for Time-Travel and Fail-Safe. Services layer stores metadata about every micro-partition like – MIN/MAX ranges of values in each column, Number of distinct values, Row count etc.",,Test 8,8
11,Monica has a EMPLOYEE_DATA table. Monica wants to create another table EMPLOYEE_DATA_OTHER which should be same as EMPLOYEE_DATA table with same data. What is the best option for Monica?,Clone the table with same data with SQL command as follows - CREATE TABLE EMPLOYEE_DATA_OTHER CLONE EMPLOYEE_DATA;,Create the table with same data with SQL command as follows - CREATE TABLE EMPLOYEE_DATA_OTHER AS SELECT * FROM EMPLOYEE_DATA;,CREATE SHARE EMPLOYEE_DATA;,Create the table with LIKE SQL command as follows - CREATE TABLE EMPLOYEE_DATA_OTHER LIKE EMPLOYEE_DATA;,,,1,The best option is the Clone the table as EMPLOYEE_DATA and EMPLOYEE_DATA_OTHER has same structure and same data. It will help save the storage cost. LIKE command only creates empty table.,,Test 8,8
12,Snowflake Storage layer is a Cloud Storage layer. It depends on which cloud provider you are using. Select the current available cloud providers.,IBM Cloud,AWS Cloud,Azure Cloud,Oracle Cloud,GCP,,"2, 3, 5","As of now, AWS, AZURE and GCP are three cloud providers which provide Cloud Storage layer for Snowflake.",,Test 8,8
13,"Decreasing the size of a running warehouse removes servers from the warehouse. When the servers are removed, the cache associated with the servers is dropped.",TRUE,FALSE,,,,,1,"Decreasing the size of a running warehouse removes servers from the warehouse. When the servers are removed, the cache associated with the servers is dropped, which can impact performance in the same way that suspending the warehouse can impact performance after it is resumed. Keep this in mind when choosing whether to decrease the size of a running warehouse or keep it at the current size. In other words, there is a trade-off with regards to saving credits versus maintaining the server cache.",,Test 8,8
14,Only a Snowflake employee can recover data from fail-safe storage.,FALSE,TRUE,,,,,2,Fail-Safe data can‘t be queried by customer. Customer needs to contact Snowflake support to recover data from fail-safe storage.,,Test 8,8
15,Temporary and Transient Tables has 1 day of Fail-safe available. (True/False),FALSE,TRUE,,,,,1,Fail-safe is not supported for Temporary and Transient Tables. It is only available for Permanent Tables.,,Test 8,8
16,Which SQL statement will suspend a running Warehouse MY_WAREHOUSE?,ALTER WAREHOUSE MY_WAREHOUSE SET AUTO_SUSPEND = ‘TRUE‘;,SUSPEND WAREHOUSE MY_WAREHOUSE;,DROP WAREHOUSE MY_WAREHOUSE;,ALTER WAREHOUSE MY_WAREHOUSE SUSPEND;,,,4,ALTER SQL statement with SUSPEND will suspend a warehouse.,,Test 8,8
17,What types of Infrastructure Security are available to ensure customer data is secured?,Cloud provider‘s redundancy,Regional data centers,Customer Admin takes the backup of data into local data disk,Cloud Provider‘s physical security,,,"1, 2, 4","Snowflake leverages all the Cloud Provider‘s securities like physical and digital, data replication across multiple regions etc.",,Test 8,8
18,A multi-cluster virtual warehouse is Maximized when,Minimum and Maximum number of clusters are specified differently.,MIN_CLUSTER_COUNT = 1 MAX_CLUSTER_COUNT = 1,MIN_CLUSTER_COUNT = 3 MAX_CLUSTER_COUNT = 3,Minimum number of clusters and Maximum number of clusters are same and must be specified with a value of more than 1.,,,"3, 4","Maximized mode is enabled by specifying the same value for both maximum and minimum clusters (note that the specified value must be larger than 1). In this mode, when the warehouse is started, Snowflake starts all the clusters so that maximum resources are available while the warehouse is running.",,Test 8,8
19,What is the best use of SCALING OUT?,Better Performance,Better Concurrency,,,,,2,SCALING OUT is meant for handling high concurrent queries.,,Test 8,8
20,What are the correct SQL extensions used in querying data from Time Travel? Select 2.,INITIAL,AT,AFTER,BEFORE,,,"2, 4","AT | BEFORE clause are used to query based on timestamp, offset or query id.",,Test 8,8
21,A 3X-LARGE cluster contains 64 Servers. if a 3X-Large multi-cluster warehouse runs 1 cluster for one full hour and then runs 3 clusters for the next full hour. How many credits will be billed?,128,512,256,212,,,3,"3X-LARGE contains 64 Server per cluster and uses 64 credits per cluster per hour. So, total credit will be used = (64 x 1) + (64 x 3) = 256.",,Test 8,8
22,Snowflake data storage costs include which types of data?,Persistent data stored in permanent tables,Data retained to enable data recovery (time travel and fail-safe),Metadata,Cached Results,Semi-Structured data - additional fees,,"1, 2","All storage within Snowflake is billable in compressed format including the persistent data stored in permanent tables, time-travel and fail-safe. There is no additional fee for handling Semi-Structured data.",,Test 8,8
23,John wants to create a Warehouse which can auto suspend in 10 minutes. How should he configure the warehouse?,AUTO_SUSPEND = 10,AUTO_RESUME = TRUE,AUTO_SUSPEND = 600,AUTO_SUSPEND = TRUE,,,3,AUTO_SUSPEND takes care of suspension of warehouse not in use for specified time. The time specified is in Seconds.,,Test 8,8
24,"Resizing a warehouse can be completed at any time, even when running",TRUE,FALSE,,,,,1,Warehouse can be resized any time using UI or SQL ALTER command.,,Test 8,8
25,Which SQL statements can work on a cloned Table?,All of these,DROP table command,SELECT command,SHOW command,,,1,All of these commands work with Cloned table as normal table.,,Test 8,8
26,Micro-partitioning is automatically performed on all the Snowflake tables.,TRUE,FALSE,,,,,1,Micro-partitioning is automatically performed on all Snowflake tables. Tables are transparently partitioned using the ordering of the data as it is inserted/loaded.,,Test 8,8
27,How to change the current warehouse of a session?,Execute SET WAREHOUSE command,Execute SELECT WAREHOUSE command,Execute USE WAREHOUSE command,None of these,,,3,"USE WAREHOUSE; command sets the warehouse for the current session, whereis the name of the warehouse which needs to be set for the session.",,Test 8,8
28,"Which Snowflake Object is a named wrapper around a cluster of servers with CPU, memory, and disk",Virtual Warehouse,Storage,Schema,Database,,,1,"Virtual Warehouse is the snowflake object which is a named wrapper around a cluster of servers with CPU, memory and disk. It‘s Snowflake who managed all the complex setup behind the scene. User does not need to configure EC2 instance, physical servers or anything like that.",,Test 8,8
29,"When configuring a Warehouse using a Snowflake edition that has Elastic Data Warehousing enabled, what facets or components will you need to configure that are not needed in accounts where Elastic Data Warehousing is not enabled. (Choose two)",Minimum and Maximum Servers,Scaling Policy,Auto-Suspend,Minimum and Maximum Clusters,,,"2, 4",Correct,,Test 8,8
30,Which are the types of Virtual Warehouses in Snowflake?,Premier,Standard,Multi-Cluster,Enterprise,,,2,Correct,,Test 8,8
31,"John created a Database and set the DATA_RETENTION_TIME_IN_DAYS as 30 days, but he did not set the DATA_RETENTION_TIME_IN_DAYS in one of the table ‘T1‘. After 5 days, he accidently dropped table ‘T1‘. Will he able to recover the table T1?",John should call Snowflake Support to recover the table from Fail-Safe.,"No, John cant recover the dropped table T1 because he didn‘t set DATA_RETENTION_TIME_IN_DAYS for Table T1",John can recover the table T1 after 30 days,"Yes, as the retention period is specified at database level",,,4,"If a retention period is specified for a database or schema, the period is inherited by default for all objects created in the database/schema.",,Test 8,8
32,What is the maximum Time-Travel retention period of Standard Edition?,1 day,0 days,90 days,7 days,,,1,"For Snowflake Standard Edition, the retention period can be set to 0 (or unset back to the default of 1 day) at the account and object level (i.e. databases, schemas, and tables).",,Test 8,8
33,When should you avoid enabling AUTO_SUSPEND?,You require the warehouse to be available with no delay or lag time,"You have a heavy, steady workload for the warehouse.",You should always enable AUTO_SUSPEND to save the compute costs.,,,,"1, 2","You might want to consider disabling auto-suspend for a warehouse if: – You have a heavy, steady workload for the warehouse. – You require the warehouse to be available with no delay or lag time. Server provisioning is generally very fast (e.g. 1 or 2 seconds); however, depending on the size of the warehouse and the availability of servers to provision, it can take longer.",,Test 8,8
34,Which are the correct statements about Snowflake data Storage?,Automatic Micro-partitioning,Hybrid Columnar Storage,Encryption on demand,Natural data clustering and optimization,,,"1, 2, 4",Snowflake stores the data in hybrid columnar format in micro-partitions. Snowflake has some level of natural data clustering and optimization capabilities. All the data in rest or in motion are always encrypted.,,Test 8,8
35,Monica is a new Snowflake user with ACCOUNTADMIN role. She wants to create a warehouse which can scale out if needed. She tried to create the warehouse using UI but she is not able to find the options to set Minimum and Maximum Clusters. What could be the issue?,She doesn‘t have enough privilege to create a warehouse,She should use SQL command to create the Warehouse with Minimum and Maximum clusters,She should ALTER any existing warehouse to set the Maximum and Minimum clusters,She is using STANDARD Snowflake edition. Multi-Cluster is not available in STANDARD edition.,,,4,Multi-cluster feature is not available in Standard edition. It starts from Enterprise Edition.,,Test 8,8
36,"A multi-cluster warehouse is using an ECONOMY scaling policy, how long will queries back up in the queue before another cluster is started?",1 minute,It will start immediately,8 Minutes,6 Minutes,2 Minutes,,4,If a multi-cluster warehouse is configured with SCALING policy as ECONOMY it starts cluster only if the system estimates theres enough query load to keep the cluster busy for at least 6 minutes.,,Test 8,8
37,What action causes a Warehouse‘s cache to be purged?,Suspending the warehouse.,A change to the Metadata Cache size.,The passing of 24 hours.,Resuming the warehouse.,,,1,Cache gets purged on suspending the warehouse.,,Test 8,8
38,When a database or schema is cloned. What object is not cloned?,Internal Named Stages,Sequences,Stored Procedures,Pipes,Internal Stages,,1,"The following rules apply to cloning stages or objects that contain stages (i.e. databases and schemas): – Individual external named stages can be cloned; internal named stages cannot be cloned. – When cloning a database or schema: –External named stages that were present in the source when the cloning operation started are cloned. –Tables are cloned, which means their internal stages are also cloned. –Internal named stages are not cloned. Regardless of how a stage was cloned, the clone does not include any of the files from the source. i.e. all cloned stages are empty.",,Test 8,8
39,Virtual Warehouse in Snowflake refers to,Database,Virtual Storage,Data Warehouse,Compute Engine,,,4,Virtual Warehouse refers to compute engines which executes query in Snowflake.,,Test 8,8
40,What is the minimum billing charge for provisioning a warehouse?,1 Second,60 Minutes,1 Minute,No charge,,,3,"The minimum billing charge for provisioning a server is 1 minute (i.e. 60 seconds). – There is no benefit to stopping a warehouse before the first 60-second period is over because the credits have already been billed for that period. – After the first 60 seconds, all subsequent billing for a running server is per-second (until the server shuts down).",,Test 8,8
41,"Scaling Out is an automated process (e.g., Min clusters to max clusters)",FALSE,TRUE,,,,,2,Snowflake Editions except Standard has multi clusters features and it is an automated process. The minimum and maximum number of clusters are specified while configuring the Virtual Warehouse.,,Test 8,8
42,Which Snowflake editions have maximum 90 days of Time-Travel retention period?,All the editions,Standard,Business Critical,VPS,Enterprise,,"3, 4, 5","Except Standard, all other Snowflake editions have maximum 90 days of Time-Travel retention period.",,Test 8,8
43,How to choose the right size of warehouse to achieve the best results based on the Query processing?,Execute varieties of queries on same warehouse to achieve the best result,Execute relatively homogenous queries on the same warehouse,,,,,2,"To achieve the best results, try to execute relatively homogeneous queries (size, complexity, data sets, etc.) on the same warehouse; executing queries of widely-varying size and/or complexity on the same warehouse makes it more difficult to analyze warehouse load, which can make it more difficult to select the best size to match the size, composition, and number of queries in your workload.",,Test 8,8
44,John wants to create a warehouse which should not start immediately. Which property will him to create a warehouse in suspended mode.,AUTO_SUSPEND = INITIAL,AUTO_START = FALSE,INITIALLY_SUSPENDED = TRUE,INITIATE = FALSE,,,3,INITIALLY_SUSPENDED = TRUE will not start the warehouse after creation. By default it is set to FALSE.,,Test 8,8
45,"When a warehouse is resized, which queries make use of the new size?",Both current and subsequent queries,Only subsequent queries,Only currently running queries,,,,2,"The current running queries keep running on the old size server. Only subsequent queries run on new Sized Virtual Warehouse. If queries processed by a warehouse are running slowly, you can always resize the warehouse to provision more servers. The additional servers do not impact any queries that are already running, but they are available for use by any queries that are queued or newly submitted.",,Test 8,8
46,Multi-cluster warehouse credit billing is based on which factors? (Select 2),Number of servers per cluster,Number of Clusters,Number of users,Number of queries it processes per hours,,,"1, 2","For multi-cluster warehouse, the number of credit billed is calculated based on the number of servers per cluster and the number of clusters that run within the time period.",,Test 8,8
47,Select the Snowflake edition that automatic encryptions all the data.?,Enterprise,Business Critical,All the editions,VPS,Standard,,3,All of the Snowflake editions automatically encrypt data in rest and in motion.,,Test 8,8
48,Scaling up can be configured as automated process.,TRUE,FALSE,,,,,2,Scaling Up is a manual process as of now.,,Test 8,8
49,Auto-suspend and auto-resume apply only to the entire warehouse and not to the individual clusters in the warehouse.,TRUE,FALSE,,,,,1,"TRUE for both type of STANDARD and MULTI-CLUSTER Warehouses. For a multi-cluster warehouse : – Auto-suspend only occurs when the minimum number of clusters is running and there is no activity for the specified period of time. The minimum is typically 1 (cluster), but could be more than 1. – Auto-resume only applies when the entire warehouse is suspended (i.e. no clusters are running).",,Test 8,8
50,Which privilege is needed to be able to monitor a warehouse?,MONITOR,USAGE,MODIFY,OPERATE,,,1,User must be using a role that has the MONITOR privilege on the warehouse.,,Test 8,8
51,The data stored as part of fail-safe is part of storage costs charged to customers.,FALSE,TRUE,,,,,2,"All storage within Snowflake is billable in compressed format including the persistent data stored in permanent tables, time-travel and fail-safe.",,Test 8,8
52,"When there is new load of data in Snowflake, Snowflake automatically analyzes and compresses data into table.",TRUE,FALSE,,,,,1,Snowflake automatically analyzes and compresses data into table on load. It finds the optimal compression scheme for each data type.,,Test 8,8
53,Which SQL command will give the list of all the warehouses in an account?,SHOW WAREHOUSE;,LIST WAREHOUSE;,SHOW WAREHOUSES;,DISPLAY WAREHOUSE;,LIST WAREHOUSES;,,3,SHOW WAREHOUSES is the right command and you can add LIKE as well to narrow the list.,,Test 8,8
54,The compute resource used by Snowflake for data loading jobs can be provided by:,Hardware provisioned by user directly from cloud providers,User managed virtual warehouse,Snowflake managed service,,,,"2, 3","When loading using SNOWPIPE, the compute is provided by Snowflake managed service and for any other loading it is provided by user managed virtual warehouse",,Test 8,8
55,John wants to create a multi-cluster warehouse and wants to make sure that the virtual warehouse starts the additional clusters only if the system estimates there‘s enough query load to keep the cluster busy for at least 6 minutes. How should he configure the Warehouse?,Set the SCALING POLICY as ECONOMY,Configure as SCALE-MAX so that the warehouse is always using maximum number of specified clusters,"Snowflake takes care of this automatically so, John does not have to worry about it",Set the SCALING POLICY as STANDARD,,,1,If a multi-cluster warehouse is configured with SCALING policy as ECONOMY it starts cluster only if the system estimates theres enough query load to keep the cluster busy for at least 6 minutes.,,Test 8,8
56,You want a list of all the warehouses with name starting from DEMO. Select the correct SQL statement.,LIST WAREHOUSES LIKE ‘%DEMO‘;,SHOW WAREHOUSES LIKE ‘DEMO%‘;,SHOW WAREHOUSE LIKE ‘%DEMO‘;,SHOW WAREHOUSES LIKE ‘%DEMO‘;,,,2,SHOW WAREHOUSES is the right command and you can add LIKE as well to narrow the list.,,Test 8,8
57,Fail-safe is a reliable way to create Dev/Test/QA and other environments.,TRUE,FALSE,,,,,2,Fail-safe is not good option for Dev/TEST/QA and other non-production data. Fail-Safe is good for important production level data.,,Test 8,8
58,John wants to create a Warehouse which can auto resume whenever there is a new load / query to execute. How should he configure the warehouse?,AUTO_SUSPEND = TRUE,AUTO_RESUME = 1,AUTO_RESUME = TRUE,It is always manual and cant be automated.,,,3,AUTO_RESUME = TRUE resumes the warehouse automatically whenever there is new load or query needing a warehouse.,,Test 8,8
59,The Cloning feature in Snowflake requires less storage because:,The cloned data is constantly updated to synchronize with original table data,Data is replicated to ensure integrity of data in the original table data,Only metadata is copied; no physical data is copied,,,,3,"As name suggest, it is Zero copy cloning feature that means data actual data is not replicated that means no additional storage consumption",,Test 8,8
60,What is Clustering Depth?,It is the total number of micro-partitions that comprise the table,"The bigger the average depth, the better clustered the table",It can be used to determine whether a large table would benefit from explicitly defining a clustering key,The depth of the overlapping micro-partitions,,,"3, 4","The clustering depth for a populated table measures the average depth (1 or greater) of the overlapping micro-partitions for specified columns in a table. The smaller the average depth, the better clustered the table is with regards to the specified columns. Clustering depth can be used for a variety of purposes, including: – Monitoring the clustering health of a large table, particularly over time as DML is performed on the table. – Determining whether a large table would benefit from explicitly defining a clustering key.",,Test 8,8
1,Which layer is responsible for Data Security and Authentication?,Compute Layer,Storage Layer,Cloud Agnostic Layer,Cloud Services,,,4,"Cloud Services Layer is responsible for Data and Security along with other services like Infrastructure Management, Optimization, Transaction Management.",,Test 9,9
2,Which of the following object types are child objects within schemas?,User Defined Functions,File Formats,Roles,Stages,Sequences,Stored Procedures,"1, 2, 4, 5, 6",Role is not child object of schema.,,Test 9,9
3,What are the types of Caches? (Select 2),Storage Cache,Results Cache,History Cache,Metadata Cache,,,"2, 4","Also, Warehouse Cache. Warehouse cache gets purged on suspension.",,Test 9,9
4,Which actions are not supported with shared data?,Editing the comments for a shared database,Time Travel for a shared database or any schemas/tables in the database,Creating a clone of a shared database or any schemas/tables in the database,Can be re-shared by data consumer,,,"1, 2, 3, 4","Share is just for read, not for cloning or time-travel query or any edit.",,Test 9,9
5,"If you find a data-related tool that is not listed as part of the Snowflake ecosystem, what industry standard options could you check for as a way to easily connect to Snowflake? (Select 2)",Check to see if the tool can connect to other solutions via JDBC,Check to see if there is a petition in the community to create a driver,Check to see if you can develop a driver and put it on GitHub,Check to see if the tool can connect to other solutions via ODBC,,,"1, 4",ODBC (Open Database Connectivity) and JDBC (JAVA Database Connectivity) are the industry standard options to connect Snowflake easily.,,Test 9,9
6,"An hour ago, you ran a complex query. You then ran several simple queries from the same worksheet. You want to export the results from the complex query but they are no longer loaded in the Results pane of the worksheet. What is the least costly way to download the results?",Click on History -> Locate the Query -> Click “Download Results“ in column 3,Type the command SELECT RESULTS(-3) into the Worksheet and click “Run“,"Type the command Select RESULTS(,,) in the Worksheet and click “Run“",Click on History -> Locate the Query -> Click the QueryID -> Use the “Export Result“ button,,,4,"The History page displays queries executed in the last 14 days, starting with the most recent ones. You can use the End Time filter to display queries based on a specified date; however, if you specify a date earlier than the last 14 days, no results are returned. You can export results only for queries for which you can view the results (i.e. queries youve executed). If you didnt execute a query or the query result is no longer available, the Export Result button is not displayed for the query. The web interface only supports exporting results up to 100 MB in size. If a query result exceeds this limit, you are prompted whether to proceed with the export. The export prompts may differ depending on your browser. For example, in Safari, you are prompted only for an export format (CSV or TSV). After the export completes, you are prompted to download the exported result to a new window, in which you can use the Save Page As browser option to save the result to a file.",,Test 9,9
7,"Once the Snowflake Account is provisioned, user can access Snowflake using following methods:",Any client application connected via JDBC or ODBC,Any 3rd-party partner that can connect to Snowflake,"SnowSQL, the Snowflake command line client",Browser-based web interface,,,"1, 2, 3, 4","Once your Snowflake account has been provisioned, you can access Snowflake using any of the following methods: – Browser-based web interface – SnowSQL, the Snowflake command line client – Any client application connected via JDBC or ODBC – Any 3rd-party partner that can connect to Snowflake",,Test 9,9
8,Snowflake offers multiple editions. Which one is not a offering from Snowflake.,Enterprise,Standard,Premium,Business Critical,,,3,Snowflake offers 4 editions: 1 – Standard Edition 2 – Enterprise Edition 3 – Business Critical Edition 4 – Virtual Private Snowflake (VPS),,Test 9,9
9,A CAST command (symbol) will force a value to be output as a certain datatype. Which of the following code samples will result in the “employeename“ being output using the VARCHAR datatype?,SELECT employeename AS VARCHAR,SELECT VARCHAR(employeename),SELECT employeename||VARCHAR,SELECT employeename::VARCHAR,,,4,:: is used for Casting in Snowflake.,,Test 9,9
10,"You have a dashboard that connects to Snowflake via JDBC. The dashboard is refreshed hundreds of times per day. The data is very stable, only changing once or twice per day. The query run by the dashboard connector user never changes. How will Snowflake manage changing and non-changing data? Mark all true statements.",Snowflake will spin up a warehouse each time the dashboard is refreshed,Snowflake will compile results cache data from all user results so no warehouse is needed,Snowflake will show the most up-to-date data each time the dashboard is refreshed,Snowflake will re-use data from the Results Cache as long as it is still the most up-to-date data available,Snowflake will spin up a warehouse only if the underlying data has changed,,"3, 4, 5","Until, data has not changed and query is same – Snowflake reuses the data from cache. Please note, Each time the persisted result for a query is reused, Snowflake resets the 24-hour retention period for the result, up to a maximum of 31 days from the date and time that the query was first executed. After 31 days, the result is purged and the next time the query is submitted, a new result is generated and persisted.",,Test 9,9
11,John wants to share a VIEW with Monica but John wants to hide View definition and details from Monica. What type of view John should create and share with Monica?,Secured,None,Standard,Materialized,,,1,"Some of the internal optimizations for views require access to the underlying data in the base tables for the view. This access might allow data that is hidden from users of the view to be exposed through user code, such as user-defined functions, or other programmatic methods. Secure views do not utilize these optimizations, ensuring that users have no access to the underlying data.",,Test 9,9
12,The acronym ETL stands for what three words?,"Extract, Transition, Loading","Extract, Transform, Load","Extract, Transfer, Load","Extract, Transition, Load",,,2,First step is extraction of data from source and then Transform before loading into target database like in Snowflake.,,Test 9,9
13,Which is not the Security function of cloud services layer?,Pruning using metadata about micro-partitions,Encryption and key management,Access control for shares,Authentication,Access control for users and roles,,1,Security Services under Cloud Services has following main functions: – Authentication -Access control for users and roles -Access control for shares Encryption and key management Optimizer service of Cloud services takes care of Pruning using metadata about micro-partitions,,Test 9,9
14,Which of the following terms or phrases can also be used to describe Snowflake? (Select 4),Build from the ground up for the cloud,Hadoop-Compliant,Multi-cluster,Hybrid Columnar,Native SQL,,"1, 3, 4, 5",Snowflake is a cloud native data platform. It is not a lift and shift of on-premise data warehouse to cloud.,,Test 9,9
15,Which view does behave like a table and get auto-refreshed?,None,Secured,Materialized,Standard,,,3,"Materialized views are designed to improve query performance for workloads composed of common, repeated query patterns. However, materializing intermediate results incurs additional costs. As such, before creating any materialized views, you should consider whether the costs are offset by the savings from re-using these results frequently enough.",,Test 9,9
16,Snowflake follows the Staged release process for new releases. How many days it take to normally to complete all the stages of the staged release.,3 days,2 days,7 days,1 day,,,2,Snowflake follows 3 stages in one staged release. Which happens in 2 days. – Day 1  Stage 1 (early access) to designated Enterprise accounts. – Day 1 or 2  Stage 2 (regular access) for all Standard Edition accounts. – J31Day 2  Stage 3  (final) for all Enterprise Edition and VPS accounts.,,Test 9,9
17,A user can connect Snowflake in multiple ways. Please select,Command line clients (e.g. SnowSQL),Any client application connected via JDBC or ODBC,Any 3rd-party partner that can connect to Snowflake,Browser-based web interface,,,"1, 2, 3, 4","Snowflake supports multiple ways of connecting to the service:– Browser-based web interface– SnowSQL, the Snowflake command line client– Any client application connected via JDBC or ODBC– Any 3rd-party partner that can connect to Snowflake",,Test 9,9
18,A Snowflake customer is responsible for all the maintenance and services.,TRUE,FALSE,,,,,2,"Snowflake is full cloud platform and near to zero maintenance platform. Customer doesn‘t have to mundane tasks like partitioning, vacuuming etc.",,Test 9,9
19,Which of the following are performed by the Cloud Services layer? (Select 4),Availability Zone Management,Metadata Management,Metadata Storage,Data Security,User Authentication,,"2, 3, 4, 5","Availability zone management is managed by Cloud Provider (like, AWS, AZURE, GCP) not by Snowflake Cloud Services layer.",,Test 9,9
20,Can you have a database overlap across two Snowflake account?,No,Yes,,,,,1,A database can not overlap across two Snowflake accounts.,,Test 9,9
21,Choose the right hierarchy of Snowflake objects from the given options.,ACCOUNT > SCHEMA > DATABASE > TABLE,ACCOUNT > DATABASE > SCHEMA > TABLE,ACCOUNT > STAGE > DATABASE > SCHEMA > TABLE,ACCOUNT > DATABASE > STAGE > SCHEMA,,,2,"The top-most container is the customer ACCOUNT, within which resides DATABASE. Each DATABASE can have 1 or more SCHEMA and each SCHEMA can have one or more TABLES.",,Test 9,9
22,The best method to assist pruning on a large table is to:,Define a HASH TABLE for the table,Define a PARTITIONING KEY on the table,Define a CLUSTER KEY for the table,Create a CLUSTERED INDEX on the table,Create a DENSE INDEX on the table,,3,A clustering key is a subset of columns in a table (or expressions on a table) that are explicitly designated to co-locate the data in the table in the same micro-partitions. This is useful for very large tables where the ordering was not ideal (at the time the data was inserted/loaded) or extensive DML has caused the tables natural clustering to degrade.,,Test 9,9
23,How is the most effective way to test if clustering a table helped performance?,Use SYSTEM$CLUSTERING_INFORMATION. Check the average_depth,Use the SYSTEM$CLUSTERING_DEPTH and check the depth of each column,Use SYSTEM$CLUSTERING_INFORMATION. Check the average_overlaps,Run a sample query before clustering and after to compare the results,Use SYSTEM$CLUSTERING_INFORMATION. Check the total_constant_partition_count,,4,"Also, Snowflake strongly recommends that you test a representative set of queries on the table to establish some performance baselines.",,Test 9,9
24,Which command will return information about the current database?,RETURN current_database( );,SELECT current_database( );,QUERY current_database( );,USE current_database( );,,,2,CURRENT_DATABASE() is a context function and returns the name current database using SELECT command.,,Test 9,9
25,Which type of view is most like a table?,Secure,Materialized,External,Standard,,,2,"Materialized views are designed to improve query performance for workloads composed of common, repeated query patterns. However, materializing intermediate results incurs additional costs. As such, before creating any materialized views, you should consider whether the costs are offset by the savings from re-using these results frequently enough.",,Test 9,9
26,The BI group is complaining about their queries taking too long to run. Checking the virtual warehouse information shows the queued time is pretty high. What is the best way to fix this issue?,Provide a virtual warehouse for every user in the group,STATEMENT_QUEUED_TIMEOUT_IN_SECONDS parameter to a low value to cancel those queries if they get in the queue,Increase the virtual warehouse MAXCONCURRENCY_LEVEL parameter,Increase the virtual warehouse MAX_CLUSTER_COUNT property,Increase the size of the virtual warehouse,Determine which users have the high priority queries and set the other users,4,"Remember, If queuing can be solved by SCALE-OUT (add new clusters), not by SCALE-UP. SCALE-UP is good for performance. MAX_CLUSTER_OUT helps to the maximum number of clusters which a warehouse can run in case of high workload.",,Test 9,9
27,SQL Clause which helps defining the clustering key:,CLUSTER ON,CLUSTER BY,CLUSERTING ON,CLUSTERING BY,,,2,"example – create or replace table t1 (c1 date, c2 string, c3 number) cluster by (c1, c2);",,Test 9,9
28,Who can create shares?,ROLE with CREATE SHARES global Privilege,ACCOUNTADMIN,,,,,"1, 2",You must use the ACCOUNTADMIN role or a role granted the CREATE SHARES global privilege.,,Test 9,9
29,Snowflake Resource Monitor allows administrators to set thresholds and triggers to track credit usage. What methods are most effective for resource monitoring? (Check all that apply).,Setting quota thresholds for trigger actions and notifications,Tracking consumption on an hourly basis,Tracking and controlling credit consumption on a monthly basis,Control global monthly credit usage for an account,,,"1, 3, 4",Correct,,Test 9,9
30,Snowflake Administrators should utilize resource monitors to help control costs and avoid unexpected credit usage. Which of the following actions can Snowflake‘s resource monitor triggers initiate automatically? (Check three that apply),Roll over query executions to under-utilized warehouses,Impose limits on the number of credits that warehouses consume each month,Trigger alert notifications for high usage,Trigger warehouse suspension for high usage,,,"2, 3, 4",,,Test 9,9
31,"In the History Page, a query shows Bytes Scanned having Assigned Partitions: 110, Scanned Partitions 58, and Original Partitions 110. Why did the optimizer show fewer partitions scanned than assigned?","During the execution of the query, new data was added to the table and the optimizer had to add those micro partitions into the scan.",The static optimization determined the number of possible micro partitions would be 110 but the dynamic optimization was able to prune some of the partitions from a joined table,One of the tables in the query was an external table and didnt have micro partitions The metadata for the table was out of date and there were really only 58 partitions total,"The optimizer estimated only 58 partitions would need to be scan but during the execution of the query, the optimizer realized it would have to read all 110 micro partitions",The query was using an Xlarge warehouse and could scan the partitions in parallel,,2,"Snowflake produces well-clustered data in tables in micro-partitions. Snowflake only targets those micro-partitions which come under the range of query criteria. If table is clustered well, Snowflake scans only few of the micro-partitions.",,Test 9,9
32,What is the data type provided by Snowflake to store semi structure data?,Semi-structure,Variant,Varchar,Text,,,2,Snowflake loads semi-structured data into a single VARIANT column,,Test 9,9
33,"When a database or schema that contains a source table and stream is cloned, any unconsumed records in the stream (in the clone) are inaccessible",FALSE,TRUE,,,,,2,"Currently, when a database or schema that contains a source table and stream is cloned, any unconsumed records in the stream (in the clone) are inaccessible. This behavior is consistent with Time Travel for tables. If a table is cloned, historical data for the table clone begins at the time/point when the clone was created",,Test 9,9
34,Which cache stores object definitions and statistics?,Metadata Cache,Results Cache,Warehouse Cache,,,,1,Metadata Management has following major functions: – Stores metadata as data is loaded into the system – Handles queries that can be processes completely from metadata -Used for Time Travel and Cloning -Every aspect of Snowflake architecture leverages met,,Test 9,9
35,"If a query is slow, how can the query be changed to improve the query?",Reorder the list of tables in the query to change the order the tables are read in the query,Change the order of the where clause to force the optimizer to consider the most effective filter first,Use an ORDER BY on the query to order the data before its searched,Provide a hint to the optimizer,"If possible, use the tables defined CLUSTER KEY in the query",,5,"A good Clustering helps reduce the scanning of micro-partitions, which results in better performance.",,Test 9,9
36,Which cache type gets purged regularly?,Warehouse Cache,Metadata Cache,Results Cache,,,,3,Result Cache gets suspended every 24 hours unless queried again within 24 hours. It can go until 31 days. If you also see option for Warehouse and it is mentioned that AUTO_SUSPEND is set then Warehouse Cache will be you best answer.,,Test 9,9
37,Which type of view has an extra layer of protection to hide the SQL code from unauthorized viewing?,Standard,Secure,Materialized,Permanent,,,2,"Some of the internal optimizations for views require access to the underlying data in the base tables for the view. This access might allow data that is hidden from users of the view to be exposed through user code, such as user-defined functions, or other programmatic methods. Secure views do not utilize these optimizations, ensuring that users have no access to the underlying data.",,Test 9,9
38,What is the name of the Snowflake-produced Command Line Interface tool?,SnowConnect,Snow Command,SnowSQL,SnowCLI,,,3,"SnowSQL is the next-generation command line client for connecting to Snowflake to execute SQL queries and perform all DDL and DML operations, including loading data into and unloading data out of database tables.",,Test 9,9
39,"When choosing a geographic deployment region, what factors might an enrollee consider?",End-user perceptions of glamorous or trendy geographic locations,Proximity to the point of service,Number of availability zones within a region,Additional fees charged for regions with geo-political unrest,,,"2, 3",It is better to choose the nearest region to avoid any lag or latency with higher number of availability zones.,,Test 9,9
40,Two virtual warehouses can access the same data at the same time without causing contention issues,TRUE,FALSE,,,,,1,This is true and unique feature of Snowflake to make the data available for everyone intended to access any time without any contention issues.,,Test 9,9
41,"Which SQL statements will need a running Warehouse and consume credit? Consider table created as – CREATE OR REPLACE TABLE T1 ( ID number(2), Name varchar(20), Salary number (11,2) );",SELECT MAX(ID) FROM T1;,SELECT AVG(ID) FROM T1;,SELECT MIN(ID) FROM T1;,SELECT COUNT(*) FROM T1;,,,2,"Cloud services layer does not store average value of column data, and so, it gets computed and requires a running warehouse.",,Test 9,9
42,There are two types of Snowflake planned releases. Please choose all applicable.,Full Release,Upgrade Release,Installation release,Patch Release,,,"1, 4","There are two types of planned releases:1 – Full Release – It covers new features, feature enhancement or updates,  and fixes2- Patch Release – A patch release includes fixes only. Note that the patch release for a given week may be canceled if the full release for the week is sufficiently delayed or prolonged.Note – Every month, Snowflake deploys one behavior change release. Behavior change releases contain changes to existing behaviors that may impact customers.",,Test 9,9
43,"To change the warehouse that will be used to run a SQL command within a specific worksheet (for example, changing the worksheet so that it uses LARGE), what two options are available?",Update the Warehouse field in the Context Menu located above the worksheet.,Run a SQL command like “SET WAREHOUSE CONTEXT=LARGE_WH“,Run a SQL Command like “USE WAREHOUSE LARGE_WH;“,Go to Worksheet properties page and set the Warehouse field to LARGE_WH,,,"1, 3","USE WAREHOUSE; command sets the warehouse for the current session, whereis the name of the warehouse which needs to be set for the session. Warehouse can be also set using Web UI Context pane.",,Test 9,9
44,Which is not the function under Metadata Management of Cloud Services Layer?,Used for storing physical micro partition,Handles Queries that can be processes completely from metadata,Used for Time Travel and Cloning,Stores Metadata as data is loaded into the system,,,1,Metadata Management has following major functions: – Stores metadata as data is loaded into the system – Handles queries that can be processes completely from metadata -Used for Time Travel and Cloning -Every aspect of Snowflake architecture leverages metadata,,Test 9,9
45,"John ran a query which took around 30 mins. He referred to Query profiler, and found the ‘Bytes spilled to local storage‘ has big number. What could be the issue?",John should contact Snowflake Personnel,John is using comparatively smaller warehouse,Warehouse size has no impact on Bytes spilling,John is using very large warehouse,,,2,"If a node has insufficient memory to complete its portion of a query, it will “spill“ to local SSD storage. This can negatively impact performance, but is sometimes acceptable. If a node has insufficient local SSD storage to complete its portion of a query, it will “spill“ to remote cloud storage. This is almost always very bad for performance. The solution in either case is… to simplify the SQL query or increase the warehouse size (to increase scarce resources).",,Test 9,9
46,JSON arrays are written inside which type of brackets?,Round Brackets,Square Brackets,Curly Braces,,,,2,"JSON arrays are written inside square brackets. An array can contain multiple objects, separated by commas. For example: {“employees“:[ {“firstName“:“John“, “lastName“:“Doe“}, {“firstName“:“Anna“, “lastName“:“Smith“}, {“firstName“:“Peter“, “lastName“:“Jones“} ] }",,Test 9,9
47,Snowflake is a Cloud Data Platform delivered as a service.,FALSE,TRUE,,,,,2,Snowflake is a cloud native data platform. It is not a lift and shift of on-premise data warehouse to cloud.,,Test 9,9
48,Which tables will experience the most benefit from clustering?,Tables in the multi-terabyte (TB) range,Tables with sizes between the range of 100 MB to 1 GB compressed,Tables with sizes between the range of 1 GB to 10 GB compressed,All sizes of tables,,,1,"In general, tables in the multi-terabyte (TB) range will experience the most benefit from clustering, particularly if DML is performed regularly/continually on these tables.",,Test 9,9
49,Which of the following are Snowflake view types? (Select 3),Standard,Permanent,Materialized,Secure,Transient,,"1, 3, 4",Permanent and Transient are types of Table not View.,,Test 9,9
50,Objects that are dropped from a shared database and then recreated with the same name are not immediately available in the share; you must execute grant usage on the objects to make them available,TRUE,FALSE,,,,,1,"True, you need to GRANT on newly create object. It doesn‘t matter if you create the same object what you have dropped.",,Test 9,9
51,"Which table type disappears after the close of the session and therefore has no fail-safe, and no time travel options after the close of the session?",Permanent,External,Transient,Temporary,,,4,Temporary table is tied to a session only.,,Test 9,9
52,Snowflake is a packaged software offering that can be installed by a user.,FALSE,TRUE,,,,,1,Snowflake is a cloud native data platform.,,Test 9,9
53,"Which query will require compute (Virtual Warehouse)? Consider table created as – CREATE or replace TABLE T1 ( ID number(2), Name varchar(20), ID number (11,2) );",SELECT * FROM T1;,SELECT CURRENT_ACCOUNT();,SHOW DATABASES;,SELECT MAX(ID) FROM T1;,SELECT MIN(ID) FROM T1;,,1,"Except SELECT * FROM T1, all the queries return results from cloud services layer metadata, So these queries do not need a running Virtual Warehouse.",,Test 9,9
54,"The following SQL statement will require a running warehouse – CREATE TABLE T1 (NAME (VARCHAR20), ADDRESS VARCHAR (50));",TRUE,FALSE,,,,,2,"CREATE DDL statement is handles by Cloud Services layer and so, it doesn‘t require Virtual Warehouse.",,Test 9,9
55,Which of the following workload is Snowflake suited for?,Data Engineering,Data Applications,Data Lakes,Data Sharing and Exchanges,Data Science,Data Warehouse,"1, 2, 3, 4, 5, 6",Snowflake is not a just Data Warehouse platform. It is a Data platform which can handle all of these workloads.,,Test 9,9
56,How many maximum columns (or expressions) are recommended for a cluster key?,7 to 8,12 to 16,3 to 4,"Higher the number of columns (or expressions) in the key, better will be the performance",,,3,"A single clustering key can contain one or more columns or expressions. For most tables, Snowflake recommends a maximum of 3 or 4 columns (or expressions) per key. Adding more than 3-4 columns tends to increase costs more than benefits.",,Test 9,9
57,Which statement accurately describes the Snowflake Cloud Services layer?,"A collection of independent, scalable, and stateless services providing crucial data management capabilities",A collection of tightly coupled database management features,A set of Cloud providers‘ general services made available to users via the internet,Managed and scaled by the user,,,1,Snowflake is a cloud native data platform. It is not a cloud provider like AWS or Azure. It offers unique architecture of decoupled storage and compute with unlimited elasticity capability.,,Test 9,9
58,Snowflake calculates usage of data stored in the system for:,Cloud storage used in External Stage,Files staged for bulk data loading/unloading,Clones of database tables that reference data deleted in the table that owns the clones,"Database tables, including historical data for Time Travel",Fail-safe for database tables,,"2, 3, 4, 5","Usage for data storage is calculated on the daily average amount of data (in bytes) stored in the system for: – Files staged for bulk data loading/unloading (can be stored compressed or uncompressed). – Database tables, including historical data for Time Travel (always compressed by Snowflake). – Fail-safe for database tables (always compressed by Snowflake). – Clones of database tables that reference data deleted in the table that owns the clones. Cloud storage used in External Stage is not managed by Snowflake. Its customers who pay to their cloud provider.",,Test 9,9
59,Which of the following are unique objects introduced by Snowflake?,PIPE,STAGE,TABLE,,,,"1, 2",STAGE and PIPE are unique Snowflake objects.,,Test 9,9
60,Can you share data with multiple consumers with row based access control?,NO,YES,,,,,2,Secure View with Account mapping using CURRENT_ACCOUNT();,,Test 9,9
1,To restore the table by undrop command what all conditions should be met?,The table can be restored in same schema only from which it has been dropped,User must of CREATE privileges on the schema in which table is getting restored,The table can be restored in any schema irrespective from whichever schema the table was dropped.,User executing undrop command should have ownership privilege on the table,,,"1, 2, 4","Similar to dropping an object, a user must have OWNERSHIP privileges for an object to restore it. In addition, the user must have CREATE privileges on the object type for the database or schema where the dropped object will be restored. Restoring tables and schemas is only supported in the current schema or current database, even if a fully-qualified object name is specified Refer Link –https://docs.snowflake.com/en/user-guide/data-time-travel.html#data-retention-period",https://docs.snowflake.com/en/user-guide/data-time-travel.html#data-retention-period,Test 10,10
2,What is the default table type when a CREATE TABLE is executed?,PERMANENT,TRANSIENT,MATERIALIZED,TEMPORARY,,,1,"The default type for tables is permanent. To define a table as temporary or transient, you must explicitly specify the type during table creation: CREATE [ OR REPLACE ] [ TEMPORARY | TRANSIENT ] TABLE",,Test 10,10
3,"A stream object records data manipulation language (DML) changes made to tables, including inserts and updates but cannot record deletes made to tables",TRUE,FALSE,,,,,2,"A stream object records data manipulation language (DML) changes made to tables, including inserts, updates, and deletes, as well as metadata about each change, so that actions can be taken using the changed data. This process is referred to as change data capture (CDC). An individual table stream tracks the changes made to rows in a source table. A table stream (also referred to as simply a stream) makes a change table available of what changed, at the row level, between two transactional points of time in a table. This allows querying and consuming a sequence of change records in a transactional fashion.",,Test 10,10
4,The CDC records returned when querying a stream rely on a combination of –,Offset stored in Table,Offset Stored in Stream,Change Tracking Metadata Stored in Stream,The change tracking metadata stored in the table,,,"2, 4","Note that a stream itself does not contain any table data. A stream only stores the offset for the source table and returns CDC records by leveraging the versioning history for the source table. When the first stream for a table is created, a pair of hidden columns are added to the source table and begin storing change tracking metadata. These columns consume a small amount of storage. The CDC records returned when querying a stream rely on a combination of the offset stored in the stream and the change tracking metadata stored in the table.",,Test 10,10
5,Which type of table stream is supported only on external tables?,Native,Append-Only,Insert-Only,Update-Only,Standard,,3,"Insert-only Supported on external tables only. An insert-only stream tracks row inserts only; they do not record delete operations that remove rows from an inserted set (i.e. no-ops). For example, in-between any two offsets, if File1 is removed from the cloud storage location referenced by the external table, and File2 is added, the stream returns records for the rows in File2 only. Unlike when tracking CDC data for standard tables, Snowflake cannot access the historical records for files in cloud storage. Overwritten files are essentially handled as new files: The old version of the file is removed from cloud storage, but the insert-only stream does not record the delete operation. The new version of the file is added to cloud storage, and the insert-only stream records the rows as inserts. The stream does not record the diff of the old and new file versions",,Test 10,10
6,"If you have a table with a 10-day retention period and increase the period to 20 days, then the data that was moved to fail safe on 11th day, will be moved back to Time Travel, and will have more 9 days left for time travel retention end",FALSE,TRUE,,,,,1,The data once moved to fail safe cannot moved back to time travel retenion period.,,Test 10,10
7,Which parameter is used to check if the stream contains change data for a table or not?,SYSTEM$STREAM_HAS_CHANGED_DATA,SYSTEM$STREAM_HAS_NEW_DATA,SYSTEM$STREAM_HAS_DATA,SYSTEM$STREAM_HAS_MODIFIED_DATA,,,3,"Tasks may optionally use table streams to provide a convenient way to continuously process new or changed data. A task can transform new or changed rows that a stream surfaces. Each time a task is scheduled to run, it can verify whether a stream contains change data for a table (using SYSTEM$STREAM_HAS_DATA) and either consume the change data or skip the current run if no change data exists.",,Test 10,10
8,Fail Safe is configurable by the user,TRUE,FALSE,,,,,2,Fail-safe provides a (non-configurable) 7-day period during which historical data is recoverable by Snowflake. This period starts immediately after the Time Travel retention period ends.,,Test 10,10
9,"A table named “MY_TABLE“ has a retention period of 7 days. The table is dropped, and a new table with the same name “MY_TABLE“ has been created. Now if the UNDROP MY_TABLE command is executed what will happen?",The UNDROP command will fail,The UNDROP command will restore the dropped version with a new name,The UNDROP command will overwrite the already existing table with the previously dropped table,,,,1,"If an object with the same name already exists, UNDROP fails. You must rename the existing object, which then enables you to restore the previous version of the object.",,Test 10,10
10,"Many logical data models refer to entities, attributes and values. In JSON, and some other semi-structured types, the word “attribute“ is often replaced with what word?",Relationships,Columns,Keys,Values,Rows,,3,Refer Snowflake Document section of Semi Structure –https://docs.snowflake.com/en/user-guide/semistructured-concepts.html,https://docs.snowflake.com/en/user-guide/semistructured-concepts.html,Test 10,10
11,Which of the following are true about the variant data type in Snowflake? Select all that apply.,Can be queried using JSON path notation,Optimized storage based on repeated elements,Stored in a separate file format from structured data,Requires a custom mapping for each record type,,,"1, 2",Refer Snowflake Document section of Semi Structure –https://docs.snowflake.com/en/user-guide/semistructured-concepts.html,https://docs.snowflake.com/en/user-guide/semistructured-concepts.html,Test 10,10
12,"Dropped tables, schemas, and databases can be listed using the SHOW commands with which keyword specified?",DROPPED_RECORDS,PREVIOUS VERSIONS,HISTORY,OLD VERSIONS,,,3,"Dropped tables, schemas, and databases can be listed using the following commands with the HISTORY keyword specified: SHOW TABLES SHOW SCHEMAS SHOW DATABASES The output includes all dropped objects and an additional DROPPED_ON column, which displays the date and time when the object was dropped. If an object has been dropped more than once, each version of the object is included as a separate row in the output.",,Test 10,10
13,What are the additional metadata columns available in Stream to track changes?,METADATA$ISDELETE,METADATA$ISINSERT,METADATA$ACTION,METADATA$ISUPDATE,METADATA$ROW_ID,,"3, 4, 5",Refer link –https://docs.snowflake.com/en/user-guide/streams.html,https://docs.snowflake.com/en/user-guide/streams.html,Test 10,10
14,"Snowflake Tasks executions are associated with the user who created the task, i.e. in the history database we can see that the task is getting executed under the username of the User who created that task",TRUE,FALSE,,,,,2,"Snowflake runs tasks with the privileges of the task owner (i.e. the role that has OWNERSHIP privilege on the task), but task runs are not associated with a user. Instead, each run is executed by a system service. Tasks are decoupled from specific users to avoid complications that can arise when users are dropped, locked due to authentication issues, or have roles removed. Because task runs are decoupled from a user, the query history for task runs are associated with the system service. SYSTEM is not a user in the account; it is a behind-the-scenes service. As such, there are no user credentials for this service, and no individual (from Snowflake or in your account) can assume its identity. Activity for the system service is limited to your account. The same encryption protections and other security protocols are built into this service as are enforced for other operations.",,Test 10,10
15,"The time travel retention period can only be set at individual object level, and cannot be setup at account level",FALSE,TRUE,,,,,1,"The retention period can be applied at Account level, and object level (i.e. databases, schemas, and tables).",,Test 10,10
16,What are the different types of streams available?,Append-Only,Insert-Only,Standard,Update-Only,Native,,"1, 2, 3",Refer link –https://docs.snowflake.com/en/user-guide/streams.html,https://docs.snowflake.com/en/user-guide/streams.html,Test 10,10
17,What features are provided by Snowflake to enable continuous data pipelines?,All options are correct,Continous Data Loading,Recurring Tasks,Change Data Tracking,,,1,Refer document –https://docs.snowflake.com/en/user-guide/data-pipelines-intro.html,https://docs.snowflake.com/en/user-guide/data-pipelines-intro.html,Test 10,10
18,"To help manage the storage costs associated with Time Travel and Fail-safe, Snowflake provides which two table types",TRANSIENT,MATERIALIZED,PERMANENT,TEMPORARY,,,"1, 4","To help manage the storage costs associated with Time Travel and Fail-safe, Snowflake provides two table types, temporary and transient, which do not incur the same fees as standard (i.e. permanent) tables: Transient tables can have a Time Travel retention period of either 0 or 1 day. Temporary tables can also have a Time Travel retention period of 0 or 1 day; however, this retention period ends as soon as the table is dropped or the session in which the table was created ends. Transient and temporary tables have no Fail-safe period. As a result, the maximum additional fees incurred for Time Travel and Fail-safe by these types of tables is limited to 1 day",,Test 10,10
19,"If a task is still running when the next scheduled execution time occurs, what happens?",The tasks that is running fails and stops,The tasks that is running fails and retriggers,The next execution of the tasks starts as soon as the current execution gets over,That schedule time is skipped,,,4,"Snowflake ensures only one instance of a task with a schedule (i.e. a standalone task or the root task in a tree of tasks) is executed at a given time. If a task is still running when the next scheduled execution time occurs, then that scheduled time is skipped.",,Test 10,10
20,An append-only table stream tracks row inserts only. Update and delete operations (including table truncates) are not recorded,TRUE,FALSE,,,,,1,"An append-only table stream tracks row inserts only. Update and delete operations (including table truncates) are not recorded. For example, if 10 rows are inserted into a table and then 5 of those rows are deleted before the offset for an append-only stream is advanced, the stream records 10 rows. An append-only stream returns the appended rows only and therefore can be much more performant than a standard stream for extract, load, transform (ELT) and similar scenarios that depend exclusively on row inserts. For example, the source table can be truncated immediately after the rows in an append-only stream are consumed, and the record deletions do not contribute to the overhead the next time the stream is queried or consumed.",,Test 10,10
21,What is the limit of number of tasks that can be included in a tree of tasks?,100,Unlimited,1000,10000,,,3,"A simple tree of tasks is limited to a maximum of 1000 tasks total (including the root task) in a resumed state. An individual task in the tree is limited to a single predecessor task; however, a task can have a maximum of 100 child tasks (i.e. other tasks that identify the task as a predecessor).",,Test 10,10
22,Non-native values such as dates and timestamps are stored as strings when loaded into a VARIANT column,TRUE,FALSE,,,,,1,"Non-native values such as dates and timestamps are stored as strings when loaded into a VARIANT column, so operations on these values could be slower and also consume more space than when stored in a relational column with the corresponding data type.",,Test 10,10
23,"A task object defines a recurring schedule for executing a SQL statement, including statements that call stored procedures",FALSE,TRUE,,,,,2,"A task object defines a recurring schedule for executing a SQL statement, including statements that call stored procedures. Tasks can be chained together for successive execution to support more complex periodic processing.",,Test 10,10
24,What data structure types can be ingested into a VARIANT column in a Snowflake table? (Check all that apply),JSON,XML,ORC,PARQUET,HADOOP,AVRO,"1, 2, 3, 4, 6",Refer Snowflake Document section of Semi Structure –https://docs.snowflake.com/en/user-guide/semistructured-concepts.html,https://docs.snowflake.com/en/user-guide/semistructured-concepts.html,Test 10,10
25,UNDROP command is applicable to which all objects,DATABASES,SCHEMA,TABLES,ROLES,USERS,,"1, 2, 3",Refer Link –https://docs.snowflake.com/en/user-guide/data-time-travel.html,https://docs.snowflake.com/en/user-guide/data-time-travel.html,Test 10,10
26,Which file format option can be enabled in JSON or AVRO file to remove the outer array structure and load the records into separate table rows,REMOVE_OUTER_ARRAY,STRIP_OUTER_ARRAY,ELIMINATE_OUTER_ARRAY,READ_INTERNAL_ARRAYS,,,2,"In general, JSON and Avro data sets are a simple concatenation of multiple documents. The JSON or Avro output from some software is composed of a single huge array containing multiple records. There is no need to separate the documents with line breaks or commas, though both are supported. Instead, we recommend enabling the STRIP_OUTER_ARRAY file format option for the COPY INTO",,Test 10,10
27,Time Travel in Snowflake is useful for which of the following tasks,Analyzing data usage/manipulation over specified periods of time,"Restoring data-related objects (tables, schemas, and databases) that might have been accidentally or intentionally deleted","Restoring data in event of a system failure or other catastrophic event, e.g. a hardware failure or security breach.",Duplicating and backing up data from key points in the past,,,"1, 2, 4","Snowflake Time Travel enables accessing historical data (i.e. data that has been changed or deleted) at any point within a defined period. It serves as a powerful tool for performing the following tasks: Restoring data-related objects (tables, schemas, and databases) that might have been accidentally or intentionally deleted. Duplicating and backing up data from key points in the past. Analyzing data usage/manipulation over specified periods of time. Refer Link –https://docs.snowflake.com/en/user-guide/data-time-travel.html",https://docs.snowflake.com/en/user-guide/data-time-travel.html,Test 10,10
28,What is the standard time travel retention period which is enabled for all snowflake accounts?,7 days,14 days,24 hours,48 hours,,,3,"The standard retention period is 1 day (24 hours) and is automatically enabled for all Snowflake accounts: For Snowflake Standard Edition, the retention period can be set to 0 (or unset back to the default of 1 day) at the account and object level (i.e. databases, schemas, and tables). For Snowflake Enterprise Edition (and higher): For transient databases, schemas, and tables, the retention period can be set to 0 (or unset back to the default of 1 day). The same is also true for temporary tables. For permanent databases, schemas, and tables, the retention period can be set to any value from 0 up to 90 days.",,Test 10,10
29,Extended time travel of 90 days is supported starting which snowflake edition,Standard,Enterprise,Business Critical,Premier,Virtual Private Snowflake,,2,Standard Time Travel is 1 day. Extended Time Travel (up to 90 days) requires Snowflake Enterprise Edition.,,Test 10,10
30,Which two table types dont have fail safe?,TEMPORARY,TRANSIENT,PERMANENT,,,,"1, 2","To help manage the storage costs associated with Time Travel and Fail-safe, Snowflake provides two table types, temporary and transient, which do not incur the same fees as standard (i.e. permanent) tables: Transient tables can have a Time Travel retention period of either 0 or 1 day. Temporary tables can also have a Time Travel retention period of 0 or 1 day; however, this retention period ends as soon as the table is dropped or the session in which the table was created ends. Transient and temporary tables have no Fail-safe period. As a result, the maximum additional fees incurred for Time Travel and Fail-safe by these types of tables is limited to 1 day",,Test 10,10
31,What is the column datatype used for ingesting semi-structured data?,VARCHAR,DATETIME,BINARY,STRING,VARIANT,,5,Refer Snowflake Document section of Semi Structure –https://docs.snowflake.com/en/user-guide/semistructured-concepts.html,https://docs.snowflake.com/en/user-guide/semistructured-concepts.html,Test 10,10
32,"If you change the data retention period for a table, the new retention period impacts all data that is active, as well as any data currently in Time Travel",TRUE,FALSE,,,,,1,Refer Link –https://docs.snowflake.com/en/user-guide/data-time-travel.html,https://docs.snowflake.com/en/user-guide/data-time-travel.html,Test 10,10
33,Under what circumstances would Fail-Safe NOT be an effective method for data recovery?,As a means for accessing historical data after the Time Travel retention period has ended,To recover data that may have been lost or damaged due to extreme operational failures,To protect data in the event of a system failure or other catastrophic event e.g. a hardware failure or security breach,,,,1,"Fail Safe is something that is managed by Snowflake, and the end user cannot directly query data from Fail Safe.In case for any table whos time travel period is over, and we need to still restore the data within 7 days of time travel getting over, then Snowflake Support team can help us get that data.However, as per Snowflake “Fail-safe is not provided as a means for accessing historical data after the Time Travel retention period has ended. It is for use only by Snowflake to recover data that may have been lost or damaged due to extreme operational failures.“You can refer this link for the details – https://docs.snowflake.com/en/user-guide/data-failsafe.html",,Test 10,10
34,Snowflake minimizes the amount of storage required for historical data by maintaining only the information required to restore the individual table rows that were updated or deleted,FALSE,TRUE,,,,,2,"The fees are calculated for each 24-hour period (i.e. 1 day) from the time the data changed. The number of days historical data is maintained is based on the table type and the Time Travel retention period for the table. Also, Snowflake minimizes the amount of storage required for historical data by maintaining only the information required to restore the individual table rows that were updated or deleted. As a result, storage usage is calculated as a percentage of the table that changed. Full copies of tables are only maintained when tables are dropped or truncated.",,Test 10,10
35,A single tasks in snowflake can execute multiple SQL Statements,TRUE,FALSE,,,,,2,"Currently, a task can execute a single SQL statement, including a call to a stored procedure.Tasks can be combined with table streams for continuous ELT workflows to process recently changed table rows. Streams ensure exactly once semantics for new or changed data in a table. Tasks can also be used independently to generate periodic reports by inserting or merging rows into a report table or perform other periodic work.",,Test 10,10
36,select * from my_table at(offset => -60*5); This query will select historical data from “my_table“ as of –,5 days ago,5 seconds ago,5 minutes ago,5 hours ago,,,3,Refer link –https://docs.snowflake.com/en/user-guide/data-time-travel.html,https://docs.snowflake.com/en/user-guide/data-time-travel.html,Test 10,10
37,"What is the maximum number of child tasks, a given task can have?",100,10000,10,1000,Unlimited,,1,"A simple tree of tasks is limited to a maximum of 1000 tasks total (including the root task) in a resumed state. An individual task in the tree is limited to a single predecessor task; however, a task can have a maximum of 100 child tasks (i.e. other tasks that identify the task as a predecessor).",,Test 10,10
38,Storage fees are incurred for maintaining historical data during the Time Travel but not during Fail-safe periods as Fail safe is managed by Snowflake,TRUE,FALSE,,,,,2,Storage cost is for both Time Travel & Fail Safe. Refer Link –https://docs.snowflake.com/en/user-guide/data-cdp-storage-costs.html,https://docs.snowflake.com/en/user-guide/data-cdp-storage-costs.html,Test 10,10
39,"When a task is created, it is in resumed state by default?",TRUE,FALSE,,,,,2,Create a task using CREATE TASK. The task is suspended by default.,,Test 10,10
40,What is the full form of ORC?,Optimized Read Columnar,Optimized Row Columnar,Object Row Columnar,Object Read Class,,,2,"Used to store Hive data, the ORC (Optimized Row Columnar) file format was designed for efficient compression and improved performance for reading, writing, and processing data over earlier Hive file formats. For more information about ORC, seehttps://orc.apache.org/.",https://orc.apache.org/,Test 10,10
41,"Using Time Travel, you can perform which of the following actions within a defined period of time (i.e. within the time travel period of the object)","Restore tables, schemas, and databases that have been dropped","Create clones of entire tables, schemas, and databases at or before specific points in the past",Query data in the past that has since been updated or deleted,All options are correct,,,4,"Using Time Travel, you can perform the following actions within a defined period of time: Query data in the past that has since been updated or deleted. Create clones of entire tables, schemas, and databases at or before specific points in the past. Restore tables, schemas, and databases that have been dropped. Once the defined period of time has elapsed, the data is moved into Snowflake Fail-safe and these actions can no longer be performed.",,Test 10,10
42,Which semi structure data types are available in Snowflake,ARRAY,OBJECT,SEMI STRUCTURE,STRING,VARIANT,,"1, 2, 5",Refer Snowflake Document section of Semi Structure –https://docs.snowflake.com/en/user-guide/semistructured-concepts.html,https://docs.snowflake.com/en/user-guide/semistructured-concepts.html,Test 10,10
43,Which of the following Snowflake Object is used for a schedule execution of SQL statement?,Stored Procedure,Streams,Snowpipe,Tasks,,,4,"User-defined tasks allow scheduled execution of SQL statements. Tasks run according to a specified execution configuration, using any combination of a set interval and/or a flexible schedule using a subset of familiar cron utility syntax. Tasks currently run in user-specified warehouses but will eventually run in a serverless environment using Snowflake-supplied compute resources.",,Test 10,10
44,For which table type the retention period ends as soon as the the table is dropped or the session in which the table was created ends.,TEMPORARY,MATERIALIZED,PERMANENT,TRANSIENT,,,1,"To help manage the storage costs associated with Time Travel and Fail-safe, Snowflake provides two table types, temporary and transient, which do not incur the same fees as standard (i.e. permanent) tables: Transient tables can have a Time Travel retention period of either 0 or 1 day. Temporary tables can also have a Time Travel retention period of 0 or 1 day; however, this retention period ends as soon as the table is dropped or the session in which the table was created ends. Transient and temporary tables have no Fail-safe period. As a result, the maximum additional fees incurred for Time Travel and Fail-safe by these types of tables is limited to 1 day",,Test 10,10
45,Fail Safe is not supported in Standard Snowflake edition,TRUE,FALSE,,,,,2,"Fail Safe is a default feature available with all snowflake edition, without any extra license cost",,Test 10,10
46,Table stream also contains actual table data,TRUE,FALSE,,,,,2,"A stream itself does not contain any table data. A stream only stores the offset for the source table and returns CDC records by leveraging the versioning history for the source table. When the first stream for a table is created, a pair of hidden columns are added to the source table and begin storing change tracking metadata. These columns consume a small amount of storage. The CDC records returned when querying a stream rely on a combination of the offset stored in the stream and the change tracking metadata stored in the table.",,Test 10,10
47,"DATA_RETENTION_TIME_IN_DAYS paramete is defined as 1 day at account level, and the same parameter is set as 7 days at Database level. Now a table is created inside the given database without specifying any explicit DATA_RETENTION_TIME_IN_DAYS parameter. What would be the data retention period for table in this case?",1 day,0 day,7 days,,,,3,"If a retention period is specified for a database or schema, the period is inherited by default for all objects created in the database/schema.",,Test 10,10
48,Which file format is an open-source data serialization and RPC framework originally developed for use with Apache Hadoop,XML,ORC,JSON,PARQUET,AVRO,,5,Avro is an open-source data serialization and RPC framework originally developed for use with Apache Hadoop. It utilizes schemas defined in JSON to produce serialized data in a compact binary format. The serialized data can be sent to any destination (i.e. application or program) and can be easily deserialized at the destination because the schema is included in the data,,Test 10,10
49,Which two table types can have a maximum retention period of 1 day?,MATERIALIZED,PERMANENT,TEMPORARY,TRANSIENT,,,"3, 4","To help manage the storage costs associated with Time Travel and Fail-safe, Snowflake provides two table types, temporary and transient, which do not incur the same fees as standard (i.e. permanent) tables: Transient tables can have a Time Travel retention period of either 0 or 1 day. Temporary tables can also have a Time Travel retention period of 0 or 1 day; however, this retention period ends as soon as the table is dropped or the session in which the table was created ends. Transient and temporary tables have no Fail-safe period. As a result, the maximum additional fees incurred for Time Travel and Fail-safe by these types of tables is limited to 1 day",,Test 10,10
50,Snowflake supports which of the following file formats for data loading? Select all that apply.,Parquet,CSV,PDF,ORC,,,"1, 2, 4",Refer Snowflake Document section of Semi Structure –https://docs.snowflake.com/en/user-guide/semistructured-concepts.html,https://docs.snowflake.com/en/user-guide/semistructured-concepts.html,Test 10,10
51,Which command can be executed to get the version history of table “Test1“ in schema “mytestdb.myschema“ within the time travel period in snowflake?,show history of table like ‘Test1‘ in mytestdb.myschema;,show version of table like ‘Test1‘ in mytestdb.myschema;,show tables version like ‘Test1‘ in mytestdb.myschema;,show tables history like ‘Test1‘ in mytestdb.myschema;,,,4,Refer Link –https://docs.snowflake.com/en/user-guide/data-time-travel.html#data-retention-period,https://docs.snowflake.com/en/user-guide/data-time-travel.html#data-retention-period,Test 10,10
52,"After dropping an object, creating an object with the same name does not restore the object. Instead, it creates a new version of the object. The original, dropped version is still available and can be restored.",TRUE,FALSE,,,,,1,"After dropping an object, creating an object with the same name does not restore the object. Instead, it creates a new version of the object. The original, dropped version is still available and can be restored. Restoring a dropped object restores the object in place (i.e. it does not create a new object).",,Test 10,10
53,Changing the time travel retention period for your account or individual objects changes the value for all lower-level objects that do not have a retention period explicitly set,FALSE,TRUE,,,,,2,"Changing the retention period for your account or individual objects changes the value for all lower-level objects that do not have a retention period explicitly set. For example: If you change the retention period at the account level, all databases, schemas, and tables that do not have an explicit retention period automatically inherit the new retention period. If you change the retention period at the schema level, all tables in the schema that do not have an explicit retention period inherit the new retention period. Keep this in mind when changing the retention period for your account or any objects in your account because the change might have Time Travel consequences that you did not anticipate or intend. In particular, we do not recommend changing the retention period to 0 at the account level.",,Test 10,10
54,Which two SQL Extension clause are provided by Snowflake to support time travel?,PRIOR,BEFORE,DURING,AT,,,"2, 4","To support Time Travel, the following SQL extensions have been implemented: AT | BEFORE clause which can be specified in SELECT statements and CREATE  CLONE commands (immediately after the object name). The clause uses one of the following parameters to pinpoint the exact historical data you wish to access: TIMESTAMP OFFSET (time difference in seconds from the present time) STATEMENT (identifier for statement, e.g. query ID) UNDROP command for tables, schemas, and databases",,Test 10,10
55,Within a transaction multiple SQL statements will see the same set of records in a stream,TRUE,FALSE,,,,,1,"Streams support repeatable read isolation. In repeatable read mode, multiple SQL statements within a transaction see the same set of records in a stream. This differs from the read committed mode supported for tables, in which statements see any changes made by previous statements executed within the same transaction, even though those changes are not yet committed.",,Test 10,10
56,"The data retention period for a database, schema, or table cannot be changed after they are created.",FALSE,TRUE,,,,,1,"The data retention period for a database, schema, or table can be changed at any time.",,Test 10,10
57,The cron expression in a task definition supports specifying a time zone,FALSE,TRUE,,,,,2,The cron expression in a task definition supports specifying a time zone. A scheduled task runs according to the specified cron expression in the local time for a given time zone. Special care should be taken with regard to scheduling tasks for time zones that recognize daylight saving time. Tasks scheduled during specific times on days when the transition from standard time to daylight saving time (or the reverse) occurs can have unexpected behaviors.,,Test 10,10
58,Which parameter is used to set the time travel retention period?,DATA_RETENTION_TIME,DATA_RETENTION_TIME_IN_HOURS,DATA_RETENTION_TIME_IN_WEEKS,DATA_RETENTION_TIME_IN_DAYS,,,4,"To specify the data retention period for Time Travel: The DATA_RETENTION_TIME_IN_DAYS object parameter can be used by users with the ACCOUNTADMIN role to set the default retention period for your account. The same parameter can be used to explicitly override the default when creating a database, schema, and individual table. The data retention period for a database, schema, or table can be changed at any time.",,Test 10,10
59,"When the owner role of a given task (i.e. the role with the OWNERSHIP privilege on the task) is deleted, what happens?","The tasks is suspended immediately, and the task will not have any owner till explicitly assigned",The tasks is also dropped,The task is re-possessed by the role that dropped the owner role,The roles granted to any task cannot be dropped unless all associated tasks are dropped,,,3,"When the owner role of a given task (i.e. the role with the OWNERSHIP privilege on the task) is deleted, the task is re-possessed by the role that dropped the owner role. This ensures that ownership moves to a role that is closer to the root of the role hierarchy. When a task is re-possessed, it is automatically paused, i.e., all executions currently in flight complete processing, but new executions will not be scheduled until the task is resumed explicitly by the new owner. The rationale for this is to prevent a user with access to a particular role from leaving behind tasks that suddenly execute with higher permissions when the role is removed. If the role that a running task is executing under is dropped while the task is running, the task completes processing under the dropped role.",,Test 10,10
60,"In Snowflake Enterprise edition, the maximum retention period for a transient or temporary table is?",7 days,1 day,90 days,Transient & Temporary table cannot be configured for time travel,,,2,"For Snowflake Enterprise Edition (and higher): For transient databases, schemas, and tables, the retention period can be set to 0 (or unset back to the default of 1 day). The same is also true for temporary tables. For permanent databases, schemas, and tables, the retention period can be set to any value from 0 up to 90 days",,Test 10,10
1,STRIP_NULL_VALUE converts a JSON null value to a SQL NULL value. (TRUE / FALSE),FALSE,TRUE,,,,,2,Converts a JSON null value to a SQL NULL value. All other variant values are passed unchanged.,,Test 11,11
2,"John created a Database and set the DATA_RETENTION_TIME_IN_DAYS as 30 days, but he did not set the DATA_RETENTION_TIME_IN_DAYS in one of the table ‘T1‘. After 5 days, he accidently dropped table ‘T1‘. Will he able to recover the table T1?","Yes, as the retention period is specified at database level",John can recover the table T1 after 30 days,John should call Snowflake Support to recover the table from Fail-Safe.,"No, John cant recover the dropped table T1 because he didn‘t set DATA_RETENTION_TIME_IN_DAYS for Table T1",,,1,"If a retention period is specified for a database or schema, the period is inherited by default for all objects created in the database/schema.",,Test 11,11
3,"What all commands will you use to load data from External Stage (for example, AWS S3 bucket) System to Snowflake table?",Only COPY INTO command,PUT COMMAND followed by COPY INTO,COPY INTO followed by PUT command,Only PUT command,,,1,You do not need to run PUT command when loading data from External Stage to Snowflake. COPY INTO command can directly copy from External Stage or Cloud Storage (Like AWS S3 bucket).,,Test 11,11
4,Semi Structured data can be accessed: (Select 3),In files on an AWS EC2 server,In files in an on-prem file server,In a permanent table using the variant data type,In files in a internal stage,In files in an external stage,,"3, 4, 5","Snowflake CAN‘T access from AWS EC2 server and on-prem file server. Snowflake can query External Table ( files of External Stage), Internal Stage and Permanent table.",,Test 11,11
5,Permissions on database objects such as a database or table are granted to:,Virtual warehouses,Roles,Schemas,Users,Users or roles,,2,Snowflake supports Role-Based Access control.,,Test 11,11
6,External Stages require customers to have an account with a cloud storage service provider. Which of the following are available currently or have been announced by Snowflake as under development?,DROPBOX,MS Azure Blob,GCP Buckets,AWS S3,BOX,,"2, 3, 4","Snowflake currently supports AWS S3, MS Azure Blob, GCP Buckets.",,Test 11,11
7,Monica is an ACCOUNTADMIN and wants to change the Time Travel retention period of table T1 of database DB1 to 15 days. Which options will help her to set the new Time Travel retention period?,Execute SQL Command - ALTER TABLE T1 SET DATA_RETENTION_TIME_IN_DAYS = 15;,Execute SQL Command - ALTER TABLE T1 SET DATA_RETENTION_TIME_IN_DAYS = 75;,Monica can change the retention period through ACCOUNT tab on UI,Monica should contact Salesforce support to get it done,,,1,Set the correct context for Database and Schema and run the ALTER TABLE command to set DATA_RETENTION_TIME_IN_DAYS to 15.,,Test 11,11
8,John wants to share a VIEW with Monica but John wants to hide View definition and details from Monica. What type of view John should create and share with Monica?,Secured,Standard,Materialized,None,,,1,"Some of the internal optimizations for views require access to the underlying data in the base tables for the view. This access might allow data that is hidden from users of the view to be exposed through user code, such as user-defined functions, or other programmatic methods. Secure views do not utilize these optimizations, ensuring that users have no access to the underlying data.",,Test 11,11
9,"The following SQL statement will require a running warehouse – CREATE TABLE T1 (NAME (VARCHAR20), ADDRESS VARCHAR (50));",FALSE,TRUE,,,,,1,"CREATE DDL statement is handles by Cloud Services layer and so, it doesn‘t require Virtual Warehouse.",,Test 11,11
10,"User A and User B can access one another‘s result sets from the Results Cache, as long as which of the following are true? (Choose two)",They use the same Warehouse.,They run the exact same SQL Text/Query.,They sign in to the same Session.,They use the same Role.,They run with 59 minutes of one another.,,"2, 4",There must not be change in query to get the benefit of cache as well as user should use the same role.,,Test 11,11
11,Which command will return information about the current database?,QUERY current_database( );,USE current_database( );,SELECT current_database( );,RETURN current_database( );,,,3,CURRENT_DATABASE() is a context function and returns the name current database using SELECT command.,,Test 11,11
12,There are two types of Snowflake Planned releases. Please choose all applicable.,Installation release,Upgrade Release,Patch Release,Full Release,,,"3, 4","There are two types of planned releases:1 – Full Release – It covers new features, feature enhancement or updates,  and fixes2- Patch Release – A patch release includes fixes only. Note that the patch release for a given week may be canceled if the full release for the week is sufficiently delayed or prolonged.Note – Every month, Snowflake deploys one behavior change release. Behavior change releases contain changes to existing behaviors that may impact customers.",,Test 11,11
13,How often does Snowflake release new features?,Yearly,Monthly,Bi-Weekly,Weekly,,,4,Snowflake releases new upgrades and patches weekly.,,Test 11,11
14,"John created a table EMPLOYEE in worksheet 1 (Session1 ) but when he ran SELECT * FROM EMPLOYEE in worksheet 2 (Session 2) after setting up the correct Role, Database and Schema, he received error ‘ Table doesn‘t exist‘. What could be the reason?",EMPLOYEE is Temporary table,EMPLOYEE is a Permanent Table,EMPLOYEE was created as EXTERNAL TABLE,XYZ is Transient Table,,,1,Temporary table is tied to a session only.,,Test 11,11
15,"You have a dashboard that connects to Snowflake via JDBC. The dashboard is refreshed hundreds of times per day. The data is very stable, only changing once or twice per day. The query run by the dashboard connector user never changes. How will Snowflake manage changing and non-changing data? Mark all true statements.",Snowflake will re-use data from the Results Cache as long as it is still the most up-to-date data available,Snowflake will spin up a warehouse each time the dashboard is refreshed,Snowflake will compile results cache data from all user results so no warehouse is needed,Snowflake will show the most up-to-date data each time the dashboard is refreshed,Snowflake will spin up a warehouse only if the underlying data has changed,,"1, 4, 5","Until, data has not changed and query is same – Snowflake reuses the data from cache. Please note, Each time the persisted result for a query is reused, Snowflake resets the 24-hour retention period for the result, up to a maximum of 31 days from the date and time that the query was first executed. After 31 days, the result is purged and the next time the query is submitted, a new result is generated and persisted.",,Test 11,11
16,Multi-cluster warehouse credit billing is based on which factors? (Select 2),Number of servers per cluster,Number of queries it processes per hours,Number of users,Number of Clusters,,,"1, 4","For multi-cluster warehouse, the number of credit billed is calculated based on the number of servers per cluster and the number of clusters that run within the time period.",,Test 11,11
17,"AWS PrivateLink is an AWS service for creating private VPC endpoints that allow direct, secure connectivity between AWS VPCs without traversing the public Internet. (TRUE / FALSE)",FALSE,TRUE,,,,,2,"Snowflake on AWS is implemented as a VPC, PrivateLink enables creating a highly-secure network between Snowflake and your other AWS VPCs (in the same AWS region), fully protected from unauthorized external access.",,Test 11,11
18,Which of the following object types are child objects within schemas?,User Defined Functions,Sequences,Stored Procedures,Roles,File Formats,Stages,"1, 2, 3, 5, 6",Role is not child object of schema.,,Test 11,11
19,John wants to create a multi-cluster warehouse and wants to make sure that the virtual warehouse starts the additional clusters only if the system estimates there‘s enough query load to keep the cluster busy for at least 6 minutes. How should he configure the Warehouse?,Set the SCALING POLICY as STANDARD,"Snowflake takes care of this automatically so, John does not have to worry about it",Set the SCALING POLICY as ECONOMY,Configure as SCALE-MAX so that the warehouse is always using maximum number of specified clusters,,,3,If a multi-cluster warehouse is configured with SCALING policy as ECONOMY it starts cluster only if the system estimates theres enough query load to keep the cluster busy for at least 6 minutes.,,Test 11,11
20,Objects that are dropped from a shared database and then recreated with the same name are not immediately available in the share; you must execute grant usage on the objects to make them available,FALSE,TRUE,,,,,2,"True, you need to GRANT on newly create object. It doesn‘t matter if you create the same object what you have dropped.",,Test 11,11
21,Which of the following are unique objects introduced by Snowflake?,STAGE,TABLE,PIPE,,,,"1, 3",STAGE and PIPE are unique Snowflake objects.,,Test 11,11
22,Which parameter does help in loading files whose metadata has expired?,set LAST_MODIFIED_DATE to within 64 days,set LOAD_UNCERTAIN_FILES to TRUE,Set LAST_MODIFIED_DATE to more than 64 days,set LOAD_EXPIRED_FILES to TRUE,,,2,"To load files whose metadata has expired, set the LOAD_UNCERTAIN_FILES copy option to true.",,Test 11,11
23,When should you avoid enabling AUTO_SUSPEND?,"You have a heavy, steady workload for the warehouse.",You should always enable AUTO_SUSPEND to save the compute costs.,You require the warehouse to be available with no delay or lag time,,,,"1, 3","You might want to consider disabling auto-suspend for a warehouse if: – You have a heavy, steady workload for the warehouse. – You require the warehouse to be available with no delay or lag time. Server provisioning is generally very fast (e.g. 1 or 2 seconds); however, depending on the size of the warehouse and the availability of servers to provision, it can take longer.",,Test 11,11
24,You have a LARGE sized warehouse ‘MY_WAREHOUSE‘. You want to change the size to SMALL. Which SQL statement will help you to change the size of warehouse?,UPDATE MY_WAREHOUSE SET SIZE = “SMALL“;,ALTER WAREHOUSE MY_WAREHOUSE SET WAREHOUSE_SIZE = “SMALL“;,ALTER WAREHOUSE MY_WAREHOUSE SET SIZE = “SMALL“;,ALTER MY_WAREHOUSE SET SIZE = “SMALL“;,,,2,ALTER WAREHOUSE command can help change the warehouse size,,Test 11,11
25,When a database or schema is cloned. What object is not cloned?,Stored Procedures,Internal Stages,Pipes,Sequences,Internal Named Stages,,5,"The following rules apply to cloning stages or objects that contain stages (i.e. databases and schemas): – Individual external named stages can be cloned; internal named stages cannot be cloned. – When cloning a database or schema: –External named stages that were present in the source when the cloning operation started are cloned. –Tables are cloned, which means their internal stages are also cloned. –Internal named stages are not cloned. Regardless of how a stage was cloned, the clone does not include any of the files from the source. i.e. all cloned stages are empty.",,Test 11,11
26,Which key concepts should be considered when loading data into Snowflake?,Transformation and error validation,File Format,All of these,Stage Object,,,3,"All of these are key components for data loading. Stage is from where you are getting the data like AWS S3 external Stage. File Format tells Snowflake what type of data it is. Is it CSV, JSON, PARQUET, AVRO, ORC, XML etc. Transformation and error validation help getting the right data in right order and right form.",,Test 11,11
27,What are the types of Caches? (Select 2),Metadata Cache,History Cache,Results Cache,Storage Cache,,,"1, 3","Also, Warehouse Cache. Warehouse cache gets purged on suspension.",,Test 11,11
28,Which role is inherited to every other role in the account?,PUBLIC ROLE,PREFERED ROLE,CONTROL ROLE,DEFAULT ROLE,STANDARD ROLE,,1,"PUBLIC role is Pseudo-role, that is automatically granted to every user and every role in your account. The PUBLIC role can own securable objects, just like any other role; however, the objects owned by the role are, by definition, available to every other user and role in your account. This role is typically used in cases where explicit access control is not needed and all users are viewed as equal with regard to their access rights.",,Test 11,11
29,"Which SQL statements will need a running Warehouse and consume credit? Consider table created as – CREATE OR REPLACE TABLE T1 ( ID number(2), Name varchar(20), Salary number (11,2) );",SELECT MIN(ID) FROM T1;,SELECT MAX(ID) FROM T1;,SELECT AVG(ID) FROM T1;,SELECT COUNT(*) FROM T1;,,,3,"Cloud services layer does not store average value of column data, and so, it gets computed and requires a running warehouse.",,Test 11,11
30,How is the most effective way to test if clustering a table helped performance?,Use SYSTEM$CLUSTERING_INFORMATION. Check the average_depth,Use the SYSTEM$CLUSTERING_DEPTH and check the depth of each column,Run a sample query before clustering and after to compare the results,Use SYSTEM$CLUSTERING_INFORMATION. Check the average_overlaps,Use SYSTEM$CLUSTERING_INFORMATION. Check the total_constant_partition_count,,3,"Also, Snowflake strongly recommends that you test a representative set of queries on the table to establish some performance baselines.",,Test 11,11
31,How many virtual warehouses can be created in a Snowflake Account?,16,8,As many as needed,4,,,3,There is no limit. A customer can create as many as need.,,Test 11,11
32,Which SQL statement will not consume Warehouse credit?,SHOW WAREHOUSE LIKE ‘%DEMO‘;,DROP WAREHOUSE MY_WAREHOUSE;,SHOW WAREHOUSES;,ALTER WAREHOUSE MY_WAREHOUSE SET WAREHOUSE_SIZE = “SMALL“;,,,"1, 2, 3, 4",None of these SQL statements needs a running warehouse as the result comes from metadata of cloud services layer.,,Test 11,11
33,Which SQL statements can work on a cloned Table?,SHOW command,All of these,DROP table command,SELECT command,,,2,All of these commands work with Cloned table as normal table.,,Test 11,11
34,"John ran a query which took around 30 mins. He referred to Query profiler, and found the ‘Bytes spilled to local storage‘ has big number. What could be the issue?",John is using very large warehouse,John should contact Snowflake Personnel,John is using comparatively smaller warehouse,Warehouse size has no impact on Bytes spilling,,,3,"If a node has insufficient memory to complete its portion of a query, it will “spill“ to local SSD storage. This can negatively impact performance, but is sometimes acceptable. If a node has insufficient local SSD storage to complete its portion of a query, it will “spill“ to remote cloud storage. This is almost always very bad for performance. The solution in either case is… to simplify the SQL query or increase the warehouse size (to increase scarce resources).",,Test 11,11
35,Which of these must return a value?,Both,Stored Procedure,User-Defined Function,,,,3,Stored Procedure may or may not return the value but UDF must return the value.,,Test 11,11
36,Which type of view has an extra layer of protection to hide the SQL code from unauthorized viewing?,Permanent,Secure,Standard,Materialized,,,2,"Some of the internal optimizations for views require access to the underlying data in the base tables for the view. This access might allow data that is hidden from users of the view to be exposed through user code, such as user-defined functions, or other programmatic methods. Secure views do not utilize these optimizations, ensuring that users have no access to the underlying data.",,Test 11,11
37,What data structure types can be ingested into a VARIANT column in a Snowflake table? (Check all that apply),ORC,JSON,PARQUET,AVRO,XML,,"1, 2, 3, 4, 5","Snowflake supports all these types of Semi-Structured data. JSON (JavaScript Object Notation) is a lightweight, plain-text, data-interchange format based on a subset of the JavaScript Programming Language. Avro is an open-source data serialization and RPC framework originally developed for use with Apache Hadoop. It utilizes schemas defined in JSON to produce serialized data in a compact binary format. ORC is used to store Hive data, the ORC (Optimized Row Columnar) file format was designed for efficient compression and improved performance for reading, writing, and processing data over earlier Hive file formats. Parquet is a compressed, efficient columnar data representation designed for projects in the Hadoop ecosystem. The file format supports complex nested data structures and uses Dremel record shredding and assembly algorithms. XML (Extensible Markup Language) is a markup language that defines a set of rules for encoding documents. It was originally based on SGML, another markup language developed for standardizing the structure and elements that comprise a document.",,Test 11,11
38,How many maximum columns (or expressions) are recommended for a cluster key?,7 to 8,"Higher the number of columns (or expressions) in the key, better will be the performance",12 to 16,3 to 4,,,4,"A single clustering key can contain one or more columns or expressions. For most tables, Snowflake recommends a maximum of 3 or 4 columns (or expressions) per key. Adding more than 3-4 columns tends to increase costs more than benefits.",,Test 11,11
39,Snowflake Administrators should utilize resource monitors to help control costs and avoid unexpected credit usage. Which of the following actions can Snowflake‘s resource monitor triggers initiate automatically? (Check all that apply),Trigger alert notifications for high usage,Roll over query executions to under-utilized warehouses,Trigger warehouse suspension for high usage,Impose limits on the number of credits that warehouses consume each month,,,"1, 3, 4",The assigned warehouses gets suspended after all running queries complete. It doesn‘t roll over query executions to under-utilized warehouses.,,Test 11,11
40,Which are the correct statements about Snowflake data Storage?,Encryption on demand,Automatic Micro-partitioning,Hybrid Columnar Storage,Natural data clustering and optimization,,,"2, 3, 4",Snowflake stores the data in hybrid columnar format in micro-partitions. Snowflake has some level of natural data clustering and optimization capabilities. All the data in rest or in motion are always encrypted.,,Test 11,11
41,Which of the following are performed by the Cloud Services layer? (Select 4),User Authentication,Data Security,Metadata Management,Metadata Storage,Availability Zone Management,,"1, 2, 3, 4","Availability zone management is managed by Cloud Provider (like, AWS, AZURE, GCP) not by Snowflake Cloud Services layer.",,Test 11,11
42,Auto-suspend and auto-resume apply only to the entire warehouse and not to the individual clusters in the warehouse.,FALSE,TRUE,,,,,2,"TRUE for both type of STANDARD and MULTI-CLUSTER Warehouses. For a multi-cluster warehouse : – Auto-suspend only occurs when the minimum number of clusters is running and there is no activity for the specified period of time. The minimum is typically 1 (cluster), but could be more than 1. – Auto-resume only applies when the entire warehouse is suspended (i.e. no clusters are running).",,Test 11,11
43,What is the maximum Time-Travel retention period of Standard Edition?,90 days,0 days,7 days,1 day,,,4,"For Snowflake Standard Edition, the retention period can be set to 0 (or unset back to the default of 1 day) at the account and object level (i.e. databases, schemas, and tables).",,Test 11,11
44,Stages which do not support File Formats are :,Internal named Stage,External Named Stage,Internal User Stage,Internal Table Stage,,,"3, 4",Table Stage and User Stage are created automatically whenever a table is created or a new user is added into the system respectively. They dont support setting up the file format.,,Test 11,11
45,Normally a warehouse begins to consume credits once all the servers are provisioned for the warehouse.,TRUE,FALSE,,,,,1,"A warehouse begins to consume credits once all the servers are provisioned for the warehouse. – In a rare instance when some of the servers fail to provision, the warehouse only consumes credits for the provisioned servers. – Once the remaining servers are successfully provisioned, the warehouse starts consuming credits for all requested servers.",,Test 11,11
46,Which actions are not supported with shared data?,Can be re-shared by data consumer,Time Travel for a shared database or any schemas/tables in the database,Creating a clone of a shared database or any schemas/tables in the database,Editing the comments for a shared database,,,"1, 2, 3, 4","Share is just for read, not for cloning or time-travel query or any edit.",,Test 11,11
47,How much is the Time-Travel retention period of Permanent Table (in Standard Edition)?,1 day,7 days,0 days,90 days,,,1,Permanent Table has maximum of 1 day for Standard Edition and maximum of 90 days Time-Travel retention period for all other Snowflake editions.,,Test 11,11
48,Scaling up can be configured as automated process.,FALSE,TRUE,,,,,1,Scaling Up is a manual process as of now.,,Test 11,11
49,Monica is an admin and wants to see the usage of Fail-Safe. How can she get details on Fail-Safe usage?,Admins can view Fail-safe use in the Snowflake Web UI under Account > Billing & Usage,None of these,Monica should contact Snowflake support,Fail Safe usage details are never available to customer,,,1,Fail-safe usage is available in Account‘s Billing & Usage section.,,Test 11,11
50,"As an ACCOUNTADMIN, how can you find the credit usage of a warehouse?",Run SQL query on ACCOUNT_USAGE table under Snowflake Database,Run SQL query on WAREHOUSE_METERING_HISTORY view under ACCOUNT_USAGE Schema,Using Web interface > Account > Usage,Run SQL query on METERING_HISTORY view under ACCOUNT_USAGE Schema,,,"2, 3, 4",Using Web interface > Account > Usage section. AND using SQL – ACCOUNT_USAGE: – Query the METERING_HISTORY to view hourly usage for an account. – Query the METERING_DAILY_HISTORY to view daily usage for an account. – Query the WAREHOUSE_METERING_HISTORY to view usage for a warehouse. – Query the QUERY_HISTORY to view usage for a job. INFORMATION_SCHEMA: – Query the QUERY_HISTORY table function.,,Test 11,11
51,Choose the right hierarchy of Snowflake objects from the given options.,ACCOUNT > DATABASE > SCHEMA > TABLE,ACCOUNT > SCHEMA > DATABASE > TABLE,ACCOUNT > DATABASE > STAGE > SCHEMA,ACCOUNT > STAGE > DATABASE > SCHEMA > TABLE,,,1,"The top-most container is the customer ACCOUNT, within which resides DATABASE. Each DATABASE can have 1 or more SCHEMA and each SCHEMA can have one or more TABLES.",,Test 11,11
52,Zero Copy Cloning allows users to have multiple copies of your data without the additional cost of storage usually associated with replicating data. Which other statements about the Cloning features in Snowflake are True?,Cloning is an efficient and cost effective approach for code migration for Agile Release Management,Clone is a point in time version of the table data as of the time the clone was made,The clone is a pointer to the original table data,Any new record in the parent table gets available in the cloned table,,,"1, 2, 3",New record doesn‘t get available in cloned table because cloning is “point in time version“ means only the data which were available at the time of cloning get available in cloned table.,,Test 11,11
53,Which objects are securable objects in Snowflake?,Table,Database,File Format,Warehouse,,,"1, 2, 3, 4","All of these are securable objects in Snowflake. Securable Object is an entity to which access can be granted. Unless allowed by a grant, access will be denied.",,Test 11,11
54,What level of Privilege do you need to view Resource monitor?,OWNERSHIP,OPERATE,MONITOR,USAGE,,,3,MONITOR Privilege can enable you to view a resource monitor.,,Test 11,11
55,Snowflake supports many methods of authentication. Which are the supported authentication methods in ALL Snowflake Editions?,Only MFA is supported by all the Snowflake editions,MFA (Multi-factor authentication),OAuth,Only MFA and SSO are supported by all the Snowflake editions,SSO,,"2, 3, 5","MFA, Oauth, SSO – all these methods are supported by all the Snowflake editions.",,Test 11,11
56,"When a warehouse is resized, which queries make use of the new size?",Only currently running queries,Only subsequent queries,Both current and subsequent queries,,,,2,"The current running queries keep running on the old size server. Only subsequent queries run on new Sized Virtual Warehouse. If queries processed by a warehouse are running slowly, you can always resize the warehouse to provision more servers. The additional servers do not impact any queries that are already running, but they are available for use by any queries that are queued or newly submitted.",,Test 11,11
57,What actions can be performed when an error is encountered while loading data from a file?,Continue loading the file.,Abort the load operation,skip file when the number of errors in the file is equal to 10,Skip file,,,"1, 2, 3, 4",All these actions can be taken. You can specify one or more of the following copy options : CONTINUE SKIP_FILE SKIP_FILE_(e.g. SKIP_FILE_10) SKIP_FILE_% (e.g. SKIP_FILE_10%) ABORT_STATEMENT,,Test 11,11
58,Please choose the correct statements about Micro-Partitions (Select 2),Snowflake micro-partitions are derived automatically,"Micro-partitions are small in size (50 to 500 MB, after compression)",Snowflake automatically determines the most efficient compression algorithm for the columns in each micro-partition.,Micro-partitions can‘t overlap in their range of values,,,"1, 3","Snowflake takes care of all the compression algorithm. Micro-partitions can overlap in their range of values, which, combined with their uniformly small size, helps prevent skew. The micro-partitions are small in size (50 to 500 MB, BEFORE compression).",,Test 11,11
59,Which cache type gets purged regularly?,Results Cache,Metadata Cache,Warehouse Cache,,,,1,Result Cache gets suspended every 24 hours unless queried again within 24 hours. It can go until 31 days. If you also see option for Warehouse and it is mentioned that AUTO_SUSPEND is set then Warehouse Cache will be you best answer.,,Test 11,11
60,If a DBA_ROLE creates a Database. Later the DBA_ROLE was dropped. Who will own the Database now which was created by DBA_ROLE?,No one can access,Database will be dropped,Role who dropped the DBA_ROLE,DBA_ROLE cant be dropped as it is the owner of the Database.,,,3,The role who dropped the DBA_ROLE will own that database. (IMPORTANT QUESTION),,Test 11,11
